;name;targetp_pred;targetp_pred_score;tmhmm_TM_pred;HMMTOP_TM_pred;DeltaG_TM_pred;deltaG_pred_score;tmhmm_tm_segment_length;tmhmm_plus_10_after_TM_charge;tmhmm_plus_5_after_TM_charge;tmhmm_plus_10_after_TM_sequence;tmhmm_minus_5_before_TM_charge;tmhmm_minus_10_before_TM_charge;HMMTOP_tm_segment_length;HMMTOP_plus_10_after_TM_charge;HMMTOP_plus_5_after_TM_charge;HMMTOP_plus_10_after_TM_sequence;HMMTOP_minus_5_before_TM_charge;HMMTOP_minus_10_before_TM_charge;DeltaG_tm_segment_length;DeltaG_plus_10_after_TM_charge;DeltaG_plus_5_after_TM_charge;DeltaG_plus_10_after_TM_sequence;DeltaG_minus_5_before_TM_charge;DeltaG_minus_10_before_TM_charge;Uniprot_link
0;sp|P00856|ATP8_YEAST;OTHER;0.87655;['i', 1, 12, 'M', 13, 35, 'O', 36, 48];['O', 1, 16, 'M', 17, 36, 'i', 37, 48];['x', 1, 16, 'M', 17, 39, 'x', 40, 48];[-2.539];[22];[2];[1];['ILRLYVSRLF'];[0];[0];[19];[2];[1];['LRLYVSRLFI'];[0];[0];[22];[2];[1];['YVSRLFISKL'];[0];[0];http://www.uniprot.org/uniprot/P00856
1;sp|P03881|YMRF1_YEAST;SP;0.575648;['O', 1, 472];['O', 1, 472];['x', 1, 0, 'M', 1, 19, 'x', 20, 472];[-0.427];[];[];[];[];[];[];[];[];[];[];[];[];[18];[1];[1];['KNNNNNNNYN'];[1];[1];http://www.uniprot.org/uniprot/P03881
2;sp|P39722|GEM1_YEAST;OTHER;0.999946;['O', 1, 633, 'M', 634, 656, 'i', 657, 662];['O', 1, 397, 'M', 398, 415, 'i', 416, 447, 'M', 448, 465, 'O', 466, 633, 'M', 634, 652, 'i', 653, 662];['x', 1, 390, 'M', 391, 413, 'x', 414, 632, 'M', 633, 655, 'x', 656, 662];[2.447, -0.482];[22];[3];[2];['KSSKFSK'];[0];[0];[17, 17, 18];[-1, 0, 3];[-2, -1, 1];['FQEDARLALQ', 'LEAFLGRSFS', 'MKLFKSSKFS'];[0, 1, 0];[0, 1, 0];[22, 22];[-1, 3];[0, 1];['FGFQEDARLA', 'FKSSKFSK'];[1, 0];[1, 0];http://www.uniprot.org/uniprot/P39722
3;sp|P0C268|YB39B_YEAST;OTHER;0.888048;['i', 1, 19, 'M', 20, 42, 'o', 43, 59];['O', 1, 22, 'M', 23, 47, 'i', 48, 59];['x', 1, 21, 'M', 22, 42, 'x', 43, 59];[-0.753];[22];[-1];[0];['MSSPTIDFNS'];[0];[2];[24];[3];[-1];['IDFNSKSKKK'];[2];[4];[20];[-1];[0];['MSSPTIDFNS'];[2];[4];http://www.uniprot.org/uniprot/P0C268
4;sp|P34222|PTH2_YEAST;OTHER;0.681723;['i', 1, 6, 'M', 7, 29, 'O', 30, 208];['O', 1, 11, 'M', 12, 31, 'i', 32, 208];['x', 1, 9, 'M', 10, 29, 'x', 30, 208];[0.554];[22];[1];[0];['LGTSNASSTK'];[1];[1];[19];[2];[0];['TSNASSTKKS'];[1];[1];[19];[1];[0];['LGTSNASSTK'];[0];[0];http://www.uniprot.org/uniprot/P34222
5;sp|Q3E776|YB255_YEAST;OTHER;0.999721;['o', 1, 21, 'M', 22, 44, 'i', 45, 120];['i', 1, 22, 'M', 23, 44, 'O', 45, 56, 'M', 57, 73, 'i', 74, 120];['x', 1, 26, 'M', 27, 47, 'x', 48, 120];[1.048];[22];[3];[2];['LRRFSSVYRN'];[2];[3];[21, 16];[3, 2];[2, 0];['LRRFSSVYRN', 'FRADKQLLKF'];[1, 0];[1, 2];[20];[2];[0];['FSSVYRNVRT'];[0];[0];http://www.uniprot.org/uniprot/Q3E776
6;sp|P38341|MIC12_YEAST;OTHER;0.82786;['O', 1, 106];['i', 1, 10, 'M', 11, 27, 'O', 28, 106];['x', 1, 6, 'M', 7, 29, 'x', 30, 106];[0.519];[];[];[];[];[];[];[16];[1];[1];['YRYSNNGYFY'];[1];[2];[22];[0];[0];['YSNNGYFYDH'];[1];[2];http://www.uniprot.org/uniprot/P38341
7;sp|Q96VH5|MIC10_YEAST;OTHER;0.999961;['i', 1, 35, 'M', 36, 58, 'O', 59, 97];['O', 1, 35, 'M', 36, 60, 'i', 61, 97];['x', 1, 40, 'M', 41, 63, 'x', 64, 97];[0.943];[22];[3];[1];['LFFKRRAFPV'];[0];[0];[24];[3];[3];['FKRRAFPVWL'];[0];[0];[22];[1];[1];['RAFPVWLGIG'];[0];[0];http://www.uniprot.org/uniprot/Q96VH5
8;sp|P07255|COX9_YEAST;OTHER;0.492693;['o', 1, 14, 'M', 15, 37, 'i', 38, 59];['O', 1, 17, 'M', 18, 36, 'i', 37, 59];['x', 1, 13, 'M', 14, 36, 'x', 37, 59];[-0.129];[22];[3];[1];['HMDKINKREK'];[0];[3];[18];[2];[0];['FHMDKINKRE'];[2];[3];[22];[2];[0];['FHMDKINKRE'];[0];[2];http://www.uniprot.org/uniprot/P07255
9;sp|P43122|QRI7_YEAST;OTHER;0.924928;['O', 1, 407];['O', 1, 407];['x', 1, 249, 'M', 250, 268, 'x', 269, 407];[2.668];[];[];[];[];[];[];[];[];[];[];[];[];[18];[1];[1];['LTKLGKTEIQ'];[1];[1];http://www.uniprot.org/uniprot/P43122
10;sp|Q12082|YD157_YEAST;OTHER;0.999636;['O', 1, 118];['O', 1, 28, 'M', 29, 45, 'i', 46, 73, 'M', 74, 91, 'O', 92, 118];['x', 1, 74, 'M', 75, 97, 'x', 98, 118];[0.56];[];[];[];[];[];[];[16, 17];[3, 1];[1, -1];['GKPFKYGKKE', 'GTEGWLWHKN'];[-2, 1];[-2, 1];[22];[3];[2];['WHKNKEYKNY'];[2];[3];http://www.uniprot.org/uniprot/Q12082
11;sp|Q12257|YD177_YEAST;OTHER;0.999897;['O', 1, 170];['O', 1, 170];['x', 1, 120, 'M', 121, 143, 'x', 144, 170];[0.847];[];[];[];[];[];[];[];[];[];[];[];[];[22];[1];[0];['GGTPLGSSRF'];[-2];[-2];http://www.uniprot.org/uniprot/Q12257
12;sp|P48015|GCST_YEAST;OTHER;0.849959;['O', 1, 400];['i', 1, 18, 'M', 19, 36, 'O', 37, 400];['x', 1, 400];No tm;[];[];[];[];[];[];[17];[1];[0];['AGYSMPVLYK'];[2];[3];[];[];[];[];[];[];http://www.uniprot.org/uniprot/P48015
13;sp|Q04311|VMS1_YEAST;OTHER;0.999994;['O', 1, 632];['O', 1, 232, 'M', 233, 250, 'i', 251, 632];['x', 1, 232, 'M', 233, 251, 'x', 252, 632];[2.444];[];[];[];[];[];[];[17];[3];[1];['IVSHQRLNVK'];[0];[-1];[18];[3];[1];['VSHQRLNVKG'];[0];[-1];http://www.uniprot.org/uniprot/Q04311
14;sp|P00942|TPIS_YEAST;OTHER;0.993541;['O', 1, 248];['O', 1, 248];['x', 1, 112, 'M', 113, 131, 'x', 132, 248];[2.642];[];[];[];[];[];[];[];[];[];[];[];[];[18];[1];[-1];['LEEKKAGKTL'];[-2];[-3];http://www.uniprot.org/uniprot/P00942
15;sp|P14905|CBS2_YEAST;OTHER;0.7988;['O', 1, 389];['O', 1, 389];['x', 1, 6, 'M', 7, 27, 'x', 28, 389];[2.5];[];[];[];[];[];[];[];[];[];[];[];[];[20];[1];[0];['LPSQPKVPSV'];[1];[1];http://www.uniprot.org/uniprot/P14905
16;sp|P09950|HEM1_YEAST;OTHER;0.615775;['O', 1, 548];['O', 1, 548];['x', 1, 362, 'M', 363, 383, 'x', 384, 548];[2.631];[];[];[];[];[];[];[];[];[];[];[];[];[20];[2];[1];['YQRCHIDLRT'];[0];[0];http://www.uniprot.org/uniprot/P09950
17;sp|P04803|SYWM_YEAST;OTHER;0.966188;['O', 1, 379];['O', 1, 379];['x', 1, 126, 'M', 127, 146, 'x', 147, 379];[2.033];[];[];[];[];[];[];[];[];[];[];[];[];[19];[3];[2];['WKSKSNIKQS'];[0];[1];http://www.uniprot.org/uniprot/P04803
18;sp|P81449|ATPJ_YEAST;OTHER;0.743191;['O', 1, 96];['O', 1, 3, 'M', 4, 20, 'i', 21, 96];['x', 1, 5, 'M', 6, 26, 'x', 27, 96];[1.191];[];[];[];[];[];[];[16];[1];[0];['FRNDMILKCN'];[0];[0];[20];[2];[1];['LKCNAKKKEE'];[-1];[-1];http://www.uniprot.org/uniprot/P81449
19;sp|Q06681|YSP2_YEAST;OTHER;0.999903;['O', 1, 1279, 'M', 1280, 1302, 'i', 1303, 1438];['O', 1, 688, 'M', 689, 706, 'i', 707, 718, 'M', 719, 736, 'O', 737, 1280, 'M', 1281, 1298, 'i', 1299, 1306, 'M', 1307, 1323, 'O', 1324, 1438];['x', 1, 282, 'M', 283, 13, 'x', 14, 1438];[20.0];[22];[2];[2];['FHSKNTSNIQ'];[0];[0];[17, 17, 17, 16];[1, 0, 3, 0];[0, 0, 1, -1];['FKEIVQIEKK', 'FASFMSRDAT', 'FRLLFHSKNT', 'NEYNYVPNFK'];[1, -1, 0, 1];[0, 1, 0, 3];[-270];[3];[0];['SDGHFFKKLK'];[2];[3];http://www.uniprot.org/uniprot/Q06681
20;sp|P32839|BCS1_YEAST;OTHER;0.999964;['i', 1, 50, 'M', 51, 73, 'O', 74, 456];['i', 1, 49, 'M', 50, 68, 'O', 69, 456];['x', 1, 50, 'M', 51, 69, 'x', 70, 456];[1.013];[22];[3];[1];['IKASRVLYRQ'];[-1];[-1];[18];[3];[1];['ARSGIIKASR'];[-1];[-1];[18];[3];[1];['RSGIIKASRV'];[-1];[-1];http://www.uniprot.org/uniprot/P32839
21;sp|P48360|ADRO_YEAST;OTHER;0.717058;['O', 1, 493];['i', 1, 17, 'M', 18, 35, 'O', 36, 493];['x', 1, 493];No tm;[];[];[];[];[];[];[17];[2];[2];['LKKSPIPLNV'];[0];[2];[];[];[];[];[];[];http://www.uniprot.org/uniprot/P48360
22;sp|Q3E6R5|YD381_YEAST;OTHER;0.830373;['O', 1, 114];['O', 1, 11, 'M', 12, 30, 'i', 31, 114];['x', 1, 11, 'M', 12, 30, 'x', 31, 114];[1.28];[];[];[];[];[];[];[18];[3];[2];['VKARRDAKFI'];[0];[1];[18];[3];[2];['VKARRDAKFI'];[0];[1];http://www.uniprot.org/uniprot/Q3E6R5
23;sp|P00927|THDH_YEAST;OTHER;0.69626;['O', 1, 576];['i', 1, 229, 'M', 230, 250, 'O', 251, 576];['x', 1, 229, 'M', 230, 250, 'x', 251, 576];[1.707];[];[];[];[];[];[];[20];[4];[2];['LKRVAPHIKI'];[1];[2];[20];[4];[2];['LKRVAPHIKI'];[1];[2];http://www.uniprot.org/uniprot/P00927
24;sp|Q8TGU2|YF032_YEAST;OTHER;0.967793;['i', 1, 19, 'M', 20, 42, 'O', 43, 87];['i', 1, 19, 'M', 20, 42, 'O', 43, 87];['x', 1, 14, 'M', 15, 34, 'x', 35, 87];[2.549];[22];[1];[1];['ISRFNPLFYN'];[1];[3];[22];[1];[1];['ISRFNPLFYN'];[1];[3];[19];[1];[0];['FQNISILHIS'];[0];[1];http://www.uniprot.org/uniprot/Q8TGU2
25;sp|P04806|HXKA_YEAST;OTHER;0.999384;['O', 1, 485];['O', 1, 485];['x', 1, 386, 'M', 387, 409, 'x', 410, 485];[1.938];[];[];[];[];[];[];[];[];[];[];[];[];[22];[1];[1];['YKTGHIAADG'];[2];[4];http://www.uniprot.org/uniprot/P04806
26;sp|P53167|PUS2_YEAST;OTHER;0.999043;['O', 1, 370];['O', 1, 370];['x', 1, 257, 'M', 258, 276, 'x', 277, 370];[2.275];[];[];[];[];[];[];[];[];[];[];[];[];[18];[1];[0];['LPPNIVRNYF'];[2];[2];http://www.uniprot.org/uniprot/P53167
27;sp|P53157|MPC1_YEAST;OTHER;0.954132;['i', 1, 22, 'M', 23, 45, 'o', 46, 54, 'M', 55, 77, 'i', 78, 130];['i', 1, 25, 'M', 26, 45, 'O', 46, 53, 'M', 54, 71, 'i', 72, 130];['x', 1, 52, 'M', 53, 75, 'x', 76, 130];[1.93];[22, 22];[0, 1];[-1, 1];['IYDLKKDPTL', 'VSPKNYLLFG'];[1, 0];[1, 0];[19, 17];[0, 2];[-1, 1];['IYDLKKDPTL', 'MKYALSVSPK'];[1, -1];[1, 0];[22];[1];[0];['LSVSPKNYLL'];[-1];[0];http://www.uniprot.org/uniprot/P53157
28;sp|P53153|LCL3_YEAST;OTHER;0.986992;['o', 1, 14, 'M', 15, 32, 'i', 33, 274];['i', 1, 13, 'M', 14, 31, 'O', 32, 274];['x', 1, 11, 'M', 12, 32, 'x', 33, 274];[0.111];[17];[4];[2];['YKRYLTQFKR'];[1];[1];[17];[3];[2];['TYKRYLTQFK'];[-1];[1];[20];[4];[2];['YKRYLTQFKR'];[-2];[0];http://www.uniprot.org/uniprot/P53153
29;sp|P04807|HXKB_YEAST;OTHER;0.999124;['O', 1, 486];['O', 1, 486];['x', 1, 386, 'M', 387, 409, 'x', 410, 486];[2.259];[];[];[];[];[];[];[];[];[];[];[];[];[22];[1];[1];['YKTGHIAADG'];[2];[4];http://www.uniprot.org/uniprot/P04807
30;sp|P53206|MCY1_YEAST;OTHER;0.828688;['i', 1, 11, 'M', 12, 31, 'O', 32, 393];['O', 1, 393];['x', 1, 11, 'M', 12, 34, 'x', 35, 114, 'M', 115, 134, 'x', 135, 393];[1.068, 2.766];[19];[4];[1];['YKYYKLFKTR'];[0];[1];[];[];[];[];[];[];[22, 19];[2, -1];[1, 1];['YKLFKTRDIP', 'AHISLPDDTS'];[0, -1];[1, -2];http://www.uniprot.org/uniprot/P53206
31;sp|P53208|EAT1_YEAST;OTHER;0.988063;['O', 1, 328];['O', 1, 108, 'M', 109, 126, 'i', 127, 193, 'M', 194, 211, 'O', 212, 328];['x', 1, 106, 'M', 107, 127, 'x', 128, 328];[1.252];[];[];[];[];[];[];[17, 17];[3, 2];[1, 0];['LYKNINIRKC', 'SNNVHQAQLH'];[0, 0];[0, 2];[20];[3];[1];['YKNINIRKCI'];[-1];[0];http://www.uniprot.org/uniprot/P53208
32;sp|P35180|TOM20_YEAST;OTHER;0.481054;['i', 1, 6, 'M', 7, 29, 'O', 30, 183];['O', 1, 9, 'M', 10, 29, 'i', 30, 144, 'M', 145, 162, 'O', 163, 183];['x', 1, 6, 'M', 7, 29, 'x', 30, 140, 'M', 141, 162, 'x', 163, 183];[-0.493, 1.284];[22];[1];[-1];['FDYQRRNSPQ'];[-2];[-2];[19, 17];[1, 1];[-1, 1];['FDYQRRNSPQ', 'VKGVVGSKAE'];[0, 1];[0, 0];[22, 21];[1, 1];[-1, 1];['FDYQRRNSPQ', 'VKGVVGSKAE'];[-2, 0];[-2, 1];http://www.uniprot.org/uniprot/P35180
33;sp|P40961|PHB1_YEAST;OTHER;0.997339;['O', 1, 287];['O', 1, 9, 'M', 10, 29, 'i', 30, 287];['x', 1, 9, 'M', 10, 30, 'x', 31, 287];[2.372];[];[];[];[];[];[];[19];[1];[-1];['MYDVKGGSRG'];[0];[1];[20];[1];[0];['YDVKGGSRGV'];[0];[1];http://www.uniprot.org/uniprot/P40961
34;sp|P22289|QCR9_YEAST;OTHER;0.782297;['o', 1, 14, 'M', 15, 37, 'i', 38, 66];['O', 1, 16, 'M', 17, 40, 'i', 41, 66];['x', 1, 9, 'M', 10, 32, 'x', 33, 66];[1.002];[22];[1];[0];['TSWYENHNKG'];[1];[3];[23];[2];[0];['YENHNKGKLW'];[1];[3];[22];[-2];[-1];['FDTAITSWYE'];[0];[1];http://www.uniprot.org/uniprot/P22289
35;sp|P50085|PHB2_YEAST;OTHER;0.944175;['o', 1, 36, 'M', 37, 59, 'i', 60, 310];['i', 1, 35, 'M', 36, 59, 'O', 60, 310];['x', 1, 36, 'M', 37, 59, 'x', 60, 310];[-0.257];[22];[1];[-1];['FNVDGGHRAI'];[1];[2];[23];[1];[-1];['FNVDGGHRAI'];[1];[1];[22];[1];[-1];['FNVDGGHRAI'];[1];[2];http://www.uniprot.org/uniprot/P50085
36;sp|P50087|MIC26_YEAST;OTHER;0.999982;['i', 1, 141, 'M', 142, 164, 'O', 165, 233];['O', 1, 119, 'M', 120, 138, 'i', 139, 148, 'M', 149, 166, 'O', 167, 233];['x', 1, 118, 'M', 119, 140, 'x', 141, 140, 'M', 141, 162, 'x', 163, 233];[0.839, -0.25];[22];[1];[1];['TTFRNTMGLI'];[0];[2];[18, 17];[4, 2];[3, 1];['ARRRTWLLRA', 'FRNTMGLIHN'];[1, 2];[-1, 3];[21, 21];[3, 1];[2, 0];['RRTWLLRATM', 'MPTTFRNTMG'];[1, 0];[0, 1];http://www.uniprot.org/uniprot/P50087
37;sp|P50088|SPG1_YEAST;OTHER;0.654716;['i', 1, 19, 'M', 20, 38, 'o', 39, 86, 'M', 87, 95];['i', 1, 21, 'M', 22, 38, 'O', 39, 95];['x', 1, 19, 'M', 20, 40, 'x', 41, 95];[0.054];[18, 8];[3, 0];[2, 0];['MRRGYTVPAH', 'M'];[1, 0];[2, 0];[16];[3];[2];['MRRGYTVPAH'];[2];[3];[20];[2];[1];['RGYTVPAHSL'];[1];[2];http://www.uniprot.org/uniprot/P50088
38;sp|P16861|PFKA1_YEAST;OTHER;0.999845;['O', 1, 987];['O', 1, 987];['x', 1, 399, 'M', 400, 420, 'x', 421, 987];[1.549];[];[];[];[];[];[];[];[];[];[];[];[];[20];[2];[0];['IPERAVPHGK'];[1];[0];http://www.uniprot.org/uniprot/P16861
39;sp|P00924|ENO1_YEAST;OTHER;0.998641;['O', 1, 437];['i', 1, 437];['x', 1, 105, 'M', 106, 124, 'x', 125, 437];[2.509];[];[];[];[];[];[];[];[];[];[];[];[];[18];[2];[0];['AEKNVPLYKH'];[-1];[0];http://www.uniprot.org/uniprot/P00924
40;sp|P37299|QCR10_YEAST;OTHER;0.508478;['o', 1, 21, 'M', 22, 44, 'i', 45, 77];['O', 1, 21, 'M', 22, 44, 'i', 45, 77];['x', 1, 29, 'M', 30, 48, 'x', 49, 77];[0.874];[22];[-1];[-1];['FTEGWPKFQD'];[1];[2];[22];[-1];[-1];['FTEGWPKFQD'];[1];[2];[18];[1];[1];['WPKFQDTLYK'];[1];[1];http://www.uniprot.org/uniprot/P37299
41;sp|P38702|LEU5_YEAST;OTHER;0.999981;['O', 1, 326, 'M', 327, 349, 'i', 350, 357];['O', 1, 98, 'M', 99, 115, 'i', 116, 135, 'M', 136, 153, 'O', 154, 205, 'M', 206, 223, 'i', 224, 324, 'M', 325, 342, 'O', 343, 357];['x', 1, 132, 'M', 133, 155, 'x', 156, 202, 'M', 203, 224, 'x', 225, 325, 'M', 326, 348, 'x', 349, 357];[0.968, 2.745, 2.659];[22];[1];[1];['ERMKWNFGI'];[0];[0];[16, 17, 17, 17];[0, 1, 0, 0];[-1, -1, 0, 0];['AYEQIRNTLI', 'LDLVRVRLAY', 'FAHDLLHDVL', 'ACSFFVYERM'];[1, -1, 1, 1];[1, 1, 1, 1];[22, 21, 22];[1, 1, 1];[1, 0, 0];['LVRVRLAYET', 'AHDLLHDVLK', 'YERMKWNFGI'];[1, 0, 0];[-1, 1, 2];http://www.uniprot.org/uniprot/P38702
42;sp|P38756|TCD1_YEAST;SP;0.760899;['O', 1, 429];['O', 1, 281, 'M', 282, 299, 'i', 300, 429];['x', 1, 4, 'M', 5, 23, 'x', 24, 74, 'M', 75, 95, 'x', 96, 281, 'M', 282, 301, 'x', 302, 429];[1.48, 2.796, 1.117];[];[];[];[];[];[];[17];[1];[1];['TKVSGYPMKE'];[-2];[0];[18, 20, 19];[2, 2, -1];[1, 1, 0];['AKSVWKEYKL', 'RSGCQKIMII', 'VSGYPMKENE'];[-2, -2, -2];[-2, 1, 0];http://www.uniprot.org/uniprot/P38756
43;sp|Q00772|SLT2_YEAST;OTHER;0.999948;['O', 1, 484];['O', 1, 484];['x', 1, 212, 'M', 213, 233, 'x', 234, 484];[2.976];[];[];[];[];[];[];[];[];[];[];[];[];[20];[1];[2];['FKGKDYVNQL'];[0];[0];http://www.uniprot.org/uniprot/Q00772
44;sp|P38787|PANE_YEAST;OTHER;0.568477;['i', 1, 6, 'M', 7, 29, 'O', 30, 379];['i', 1, 6, 'M', 7, 23, 'O', 24, 379];['x', 1, 5, 'M', 6, 28, 'x', 29, 379];[0.706];[22];[1];[0];['TNALVVPLFR'];[1];[2];[16];[0];[-1];['VDLLRFTNAL'];[1];[2];[22];[0];[0];['FTNALVVPLF'];[1];[1];http://www.uniprot.org/uniprot/P38787
45;sp|P38796|PPME1_YEAST;OTHER;0.999806;['O', 1, 400];['O', 1, 197, 'M', 198, 215, 'i', 216, 225, 'M', 226, 243, 'O', 244, 400];['x', 1, 193, 'M', 194, 215, 'x', 216, 400];[2.527];[];[];[];[];[];[];[17, 17];[1, 1];[1, 1];['YPKLSTELQK', 'LNKVEHFLQN'];[-1, 1];[0, 1];[21];[1];[1];['YPKLSTELQK'];[2];[1];http://www.uniprot.org/uniprot/P38796
46;sp|P38812|GEP4_YEAST;OTHER;0.654973;['O', 1, 185];['O', 1, 185];['x', 1, 142, 'M', 143, 162, 'x', 163, 185];[2.19];[];[];[];[];[];[];[];[];[];[];[];[];[19];[1];[0];['RDGVKVSANP'];[0];[0];http://www.uniprot.org/uniprot/P38812
47;sp|P38825|TOM71_YEAST;OTHER;0.929217;['O', 1, 639];['i', 1, 14, 'M', 15, 32, 'O', 33, 639];['x', 1, 14, 'M', 15, 34, 'x', 35, 339, 'M', 340, 358, 'x', 359, 639];[1.608, 2.719];[];[];[];[];[];[];[17];[1];[0];['VYYQQIKQQQ'];[1];[2];[19, 18];[1, 0];[0, 1];['YQQIKQQQQQ', 'KNNLLDAQVL'];[1, 0];[2, -2];http://www.uniprot.org/uniprot/P38825
48;sp|P00925|ENO2_YEAST;OTHER;0.998935;['O', 1, 437];['O', 1, 437];['x', 1, 105, 'M', 106, 124, 'x', 125, 437];[2.388];[];[];[];[];[];[];[];[];[];[];[];[];[18];[1];[0];['AEKNVPLYQH'];[-1];[0];http://www.uniprot.org/uniprot/P00925
49;sp|P38698|PPX1_YEAST;OTHER;0.992586;['O', 1, 397];['O', 1, 186, 'M', 187, 206, 'i', 207, 397];['x', 1, 186, 'M', 187, 208, 'x', 209, 397];[2.867];[];[];[];[];[];[];[19];[1];[3];['MRRKVEESDK'];[0];[0];[21];[0];[1];['RKVEESDKLA'];[0];[0];http://www.uniprot.org/uniprot/P38698
50;sp|P40515|FIS1_YEAST;OTHER;0.999888;['O', 1, 131, 'M', 132, 151, 'i', 152, 155];['O', 1, 131, 'M', 132, 150, 'i', 151, 155];['x', 1, 128, 'M', 129, 151, 'x', 152, 155];[0.437];[19];[4];[3];['RNKRR'];[0];[0];[18];[4];[2];['LRNKRR'];[0];[0];[22];[4];[3];['RNKRR'];[0];[0];http://www.uniprot.org/uniprot/P40515
51;sp|P16547|OM45_YEAST;OTHER;0.528103;['i', 1, 4, 'M', 5, 22, 'O', 23, 393];['O', 1, 4, 'M', 5, 22, 'i', 23, 393];['x', 1, 0, 'M', 1, 23, 'x', 24, 393];[1.093];[17];[3];[0];['VREQKAKGQR'];[2];[1];[17];[3];[0];['VREQKAKGQR'];[2];[1];[22];[4];[1];['REQKAKGQRR'];[1];[3];http://www.uniprot.org/uniprot/P16547
52;sp|P40458|ATG32_YEAST;OTHER;0.999899;['O', 1, 388, 'M', 389, 411, 'i', 412, 521, 'M', 522, 529];['O', 1, 298, 'M', 299, 318, 'i', 319, 385, 'M', 386, 403, 'O', 404, 529];['x', 1, 389, 'M', 390, 412, 'x', 413, 529];[-0.939];[22, 7];[0, 0];[0, 0];['VTAAYEHQTV', 'L'];[4, 0];[5, 0];[19, 17];[3, 0];[1, 0];['VTNKRDLKKM', 'FGCCVTYFVT'];[0, 3];[1, 6];[22];[1];[0];['TAAYEHQTVK'];[3];[4];http://www.uniprot.org/uniprot/P40458
53;sp|Q2V2P4|YI156_YEAST;SP;0.83392;['O', 1, 73];['O', 1, 73];['x', 1, 6, 'M', 7, 26, 'x', 27, 73];[2.082];[];[];[];[];[];[];[];[];[];[];[];[];[19];[1];[1];['RNTGLTPKLE'];[2];[2];http://www.uniprot.org/uniprot/Q2V2P4
54;sp|P47081|COX16_YEAST;OTHER;0.973915;['o', 1, 32, 'M', 33, 55, 'i', 56, 118];['i', 1, 33, 'M', 34, 58, 'O', 59, 118];['x', 1, 33, 'M', 34, 56, 'x', 57, 118];[-1.152];[22];[-1];[0];['FTAIKYEQGD'];[3];[4];[24];[1];[0];['IKYEQGDRKV'];[2];[4];[22];[0];[1];['TAIKYEQGDR'];[2];[4];http://www.uniprot.org/uniprot/P47081
55;sp|P08678|CYAA_YEAST;OTHER;0.999999;['O', 1, 2026];['i', 1, 689, 'M', 690, 707, 'O', 708, 2026];['x', 1, 2026];No tm;[];[];[];[];[];[];[17];[3];[3];['LKRKFNITAQ'];[1];[-1];[];[];[];[];[];[];http://www.uniprot.org/uniprot/P08678
56;sp|P47053|YJE3_YEAST;OTHER;0.9997;['O', 1, 257];['O', 1, 257];['x', 1, 151, 'M', 152, 170, 'x', 171, 257];[2.51];[];[];[];[];[];[];[];[];[];[];[];[];[18];[1];[1];['RDLRSVLHDC'];[2];[2];http://www.uniprot.org/uniprot/P47053
57;sp|Q3E7B2|COA3_YEAST;OTHER;0.825526;['i', 1, 26, 'M', 27, 49, 'o', 50, 85];['i', 1, 26, 'M', 27, 45, 'O', 46, 85];['x', 1, 31, 'M', 32, 50, 'x', 51, 85];[0.403];[22];[1];[1];['TYHFLHKDND'];[0];[3];[18];[2];[0];['VYYYTYHFLH'];[0];[3];[18];[1];[1];['YHFLHKDNDF'];[2];[3];http://www.uniprot.org/uniprot/Q3E7B2
58;sp|P47008|SFH5_YEAST;OTHER;0.999791;['O', 1, 294];['O', 1, 294];['x', 1, 204, 'M', 205, 225, 'x', 226, 294];[2.717];[];[];[];[];[];[];[];[];[];[];[];[];[20];[1];[2];['IKKFVDETTR'];[0];[1];http://www.uniprot.org/uniprot/P47008
59;sp|Q02820|NCE1_YEAST;OTHER;0.426805;['i', 1, 6, 'M', 7, 29, 'o', 30, 53];['O', 1, 6, 'M', 7, 24, 'i', 25, 53];['x', 1, 6, 'M', 7, 29, 'x', 30, 53];[1.828];[22];[2];[1];['YERKMGRPQG'];[1];[1];[17];[1];[0];['LSYYVYERKM'];[1];[1];[22];[2];[1];['YERKMGRPQG'];[1];[1];http://www.uniprot.org/uniprot/Q02820
60;sp|P08466|NUC1_YEAST;SP;0.689956;['i', 1, 4, 'M', 5, 24, 'O', 25, 329];['i', 1, 5, 'M', 6, 24, 'O', 25, 329];['x', 1, 1, 'M', 2, 24, 'x', 25, 329];[-0.542];[19];[2];[2];['LNKHSPTQII'];[3];[3];[18];[2];[2];['LNKHSPTQII'];[3];[4];[22];[2];[2];['LNKHSPTQII'];[0];[3];http://www.uniprot.org/uniprot/P08466
61;sp|P41903|PTE1_YEAST;OTHER;0.991147;['O', 1, 349];['i', 1, 39, 'M', 40, 59, 'O', 60, 349];['x', 1, 246, 'M', 247, 269, 'x', 270, 349];[2.461];[];[];[];[];[];[];[19];[1];[0];['LNFFPTSLHS'];[0];[1];[22];[2];[1];['FHNLPLYCHS'];[1];[0];http://www.uniprot.org/uniprot/P41903
62;sp|P47135|JSN1_YEAST;OTHER;0.999997;['O', 1, 1091];['O', 1, 1091];['x', 1, 713, 'M', 714, 734, 'x', 735, 1091];[2.963];[];[];[];[];[];[];[];[];[];[];[];[];[20];[2];[1];['VQNRYGARAV'];[0];[0];http://www.uniprot.org/uniprot/P47135
63;sp|P36101|TCD2_YEAST;OTHER;0.793555;['i', 1, 6, 'M', 7, 29, 'O', 30, 447];['O', 1, 88, 'M', 89, 106, 'i', 107, 447];['x', 1, 5, 'M', 6, 28, 'x', 29, 291, 'M', 292, 314, 'x', 315, 447];[0.252, 0.806];[22];[1];[0];['TSWQAQKQVI'];[1];[0];[17];[4];[1];['VRSGCRKIRV'];[0];[0];[22, 22];[1, -1];[0, 0];['WTSWQAQKQV', 'LSNISDKPLE'];[1, -1];[1, -1];http://www.uniprot.org/uniprot/P36101
64;sp|P36086|YKH1_YEAST;OTHER;0.827678;['O', 1, 256];['O', 1, 24, 'M', 25, 44, 'i', 45, 82, 'M', 83, 99, 'O', 100, 117, 'M', 118, 137, 'i', 138, 143, 'M', 144, 163, 'O', 164, 256];['x', 1, 82, 'M', 83, 103, 'x', 104, 256];[2.253];[];[];[];[];[];[];[19, 16, 19, 19];[0, -1, 4, 1];[1, -1, 2, 0];['LPKNKQVEDL', 'SDSYYKVLET', 'LKKTRKIFFI', 'AYGQSKAALN'];[1, 0, 1, 1];[1, -1, 2, 4];[20];[1];[1];['YKVLETPKSV'];[0];[-1];http://www.uniprot.org/uniprot/P36086
65;sp|P32332|OAC1_YEAST;OTHER;0.999455;['i', 1, 20, 'M', 21, 43, 'O', 44, 324];['i', 1, 22, 'M', 23, 40, 'O', 41, 131, 'M', 132, 151, 'i', 152, 227, 'M', 228, 247, 'O', 248, 324];['x', 1, 21, 'M', 22, 40, 'x', 41, 131, 'M', 132, 152, 'x', 153, 232, 'M', 233, 254, 'x', 255, 324];[1.795, 1.68, 2.195];[22];[1];[-1];['IELIKIRMQL'];[0];[1];[17, 19, 19];[1, 2, 0];[0, 1, 0];['TNPIELIKIR', 'LVKTRLQSYS', 'MNPWDVILTR'];[1, 2, 1];[2, 2, 1];[18, 20, 21];[1, 1, 1];[0, 2, 1];['TNPIELIKIR', 'VKTRLQSYSE', 'LTRIYNQKGD'];[0, 2, 0];[1, 2, 0];http://www.uniprot.org/uniprot/P32332
66;sp|P36066|MGR3L_YEAST;OTHER;0.680286;['i', 1, 53, 'M', 54, 73, 'O', 74, 463];['i', 1, 53, 'M', 54, 71, 'O', 72, 463];['x', 1, 52, 'M', 53, 73, 'x', 74, 194, 'M', 195, 213, 'x', 214, 463];[-0.732, 2.599];[19];[3];[2];['WPHHTFPKPV'];[3];[4];[17];[3];[0];['VYWPHHTFPK'];[3];[4];[20, 18];[3, -1];[2, -1];['WPHHTFPKPV', 'LENSPEFKNV'];[2, 0];[4, 0];http://www.uniprot.org/uniprot/P36066
67;sp|P36135|UTH1_YEAST;SP;0.999369;['O', 1, 365];['i', 1, 123, 'M', 124, 140, 'O', 141, 365];['x', 1, 0, 'M', 1, 21, 'x', 22, 365];[1.604];[];[];[];[];[];[];[16];[-1];[-1];['MDMNGNTATS'];[-1];[-1];[20];[4];[2];['VHHSDNHHHN'];[0];[0];http://www.uniprot.org/uniprot/P36135
68;sp|P36156|GTO2_YEAST;OTHER;0.978359;['O', 1, 370];['O', 1, 370];['x', 1, 36, 'M', 37, 58, 'x', 59, 370];[2.009];[];[];[];[];[];[];[];[];[];[];[];[];[21];[1];[1];['LKGLTSVIGC'];[1];[3];http://www.uniprot.org/uniprot/P36156
69;sp|P10592|HSP72_YEAST;OTHER;0.999157;['O', 1, 639];['O', 1, 191, 'M', 192, 209, 'i', 210, 639];['x', 1, 387, 'M', 388, 410, 'x', 411, 639];[2.713];[];[];[];[];[];[];[17];[-2];[-2];['IEDGIFEVKA'];[1];[0];[22];[1];[1];['LIPRNSTIPT'];[-2];[-1];http://www.uniprot.org/uniprot/P10592
70;sp|Q07914|TIM14_YEAST;OTHER;0.999972;['O', 1, 168];['O', 1, 65, 'M', 66, 83, 'i', 84, 168];['x', 1, 65, 'M', 66, 84, 'x', 85, 168];[1.423];[];[];[];[];[];[];[17];[2];[1];['YKSISKGLNG'];[0];[0];[18];[2];[1];['KSISKGLNGG'];[0];[0];http://www.uniprot.org/uniprot/Q07914
71;sp|Q12110|YL049_YEAST;OTHER;0.999914;['O', 1, 428];['O', 1, 428];['x', 1, 352, 'M', 353, 371, 'x', 372, 428];[2.424];[];[];[];[];[];[];[];[];[];[];[];[];[18];[1];[1];['GPNKINAFLM'];[0];[2];http://www.uniprot.org/uniprot/Q12110
72;sp|Q12150|CSF1_YEAST;OTHER;0.999636;['i', 1, 19, 'M', 20, 42, 'O', 43, 2958];['i', 1, 17, 'M', 18, 40, 'O', 41, 2958];['x', 1, 21, 'M', 22, 44, 'x', 45, 44, 'M', 45, 63, 'x', 64, 840, 'M', 841, 863, 'x', 864, 215, 'M', 216, 12, 'x', 13, 928, 'M', 929, 19, 'x', 20, 653, 'M', 654, 26, 'x', 27, 2958];[-2.03, 2.917, 2.897, 20.0, 23.0, 20.0];[22];[1];[1];['RIYAYLVSFI'];[1];[1];[22];[1];[1];['MGRIYAYLVS'];[0];[2];[22, 18, 22, -204, -910, -628];[-1, 1, 0, 1, -1, 0];[0, 1, -1, 1, 0, 0];['YAYLVSFILE', 'KINVETLRVS', 'FDPCIALHFA', 'LTHQKDFSWV', 'SWVFLVDWIL', 'WILTVVVCLT'];[2, 0, 0, 0, 0, 0];[1, 1, 1, -2, -1, 0];http://www.uniprot.org/uniprot/Q12150
73;sp|Q3E798|MIM2_YEAST;OTHER;0.999943;['O', 1, 87];['O', 1, 87];['x', 1, 53, 'M', 54, 75, 'x', 76, 87];[2.845];[];[];[];[];[];[];[];[];[];[];[];[];[21];[1];[1];['AKTLWSRFIE'];[0];[-1];http://www.uniprot.org/uniprot/Q3E798
74;sp|Q12354|APTH1_YEAST;OTHER;0.762748;['O', 1, 227];['O', 1, 121, 'M', 122, 146, 'i', 147, 227];['x', 1, 129, 'M', 130, 152, 'x', 153, 227];[1.526];[];[];[];[];[];[];[24];[2];[0];['CSIPGILKQH'];[0];[0];[22];[3];[2];['LKQHKNGINV'];[0];[0];http://www.uniprot.org/uniprot/Q12354
75;sp|Q12524|PCD1_YEAST;OTHER;0.577581;['O', 1, 340];['i', 1, 32, 'M', 33, 50, 'O', 51, 340];['x', 1, 35, 'M', 36, 58, 'x', 59, 340];[0.958];[];[];[];[];[];[];[17];[1];[0];['MKGELRVLLT'];[2];[3];[22];[4];[2];['LTKRSRTLRS'];[1];[1];http://www.uniprot.org/uniprot/Q12524
76;sp|Q8TGM6|TAR1_YEAST;OTHER;0.999906;['O', 1, 124];['i', 1, 21, 'M', 22, 41, 'O', 42, 124];['x', 1, 124];No tm;[];[];[];[];[];[];[19];[2];[2];['FHHCTCSLSV'];[0];[-1];[];[];[];[];[];[];http://www.uniprot.org/uniprot/Q8TGM6
77;sp|P54783|ALO_YEAST;OTHER;0.990651;['O', 1, 526];['O', 1, 526];['x', 1, 168, 'M', 169, 191, 'x', 192, 526];[1.609];[];[];[];[];[];[];[];[];[];[];[];[];[22];[1];[0];['VPGFNIKSTQ'];[-1];[-3];http://www.uniprot.org/uniprot/P54783
78;sp|P39103|COX14_YEAST;OTHER;0.788317;['o', 1, 14, 'M', 15, 37, 'i', 38, 70];['O', 1, 16, 'M', 17, 39, 'i', 40, 70];['x', 1, 15, 'M', 16, 38, 'x', 39, 70];[0.573];[22];[1];[0];['LYMNGKKYEQ'];[1];[0];[22];[1];[1];['MNGKKYEQQV'];[1];[1];[22];[1];[0];['YMNGKKYEQQ'];[1];[0];http://www.uniprot.org/uniprot/P39103
79;sp|Q03667|MIX17_YEAST;OTHER;0.998412;['O', 1, 156];['i', 1, 53, 'M', 54, 73, 'O', 74, 156];['x', 1, 156];No tm;[];[];[];[];[];[];[19];[1];[1];['GHTLGAGITG'];[0];[1];[];[];[];[];[];[];http://www.uniprot.org/uniprot/Q03667
80;sp|Q04675|SEN15_YEAST;OTHER;0.999728;['O', 1, 128];['O', 1, 101, 'M', 102, 119, 'i', 120, 128];['x', 1, 128];No tm;[];[];[];[];[];[];[17];[5];[1];['YKGVRKPKRN'];[1];[0];[];[];[];[];[];[];http://www.uniprot.org/uniprot/Q04675
81;sp|Q04458|HFD1_YEAST;OTHER;0.999992;['i', 1, 129, 'M', 130, 152, 'O', 153, 532];['i', 1, 131, 'M', 132, 155, 'O', 156, 532];['x', 1, 131, 'M', 132, 154, 'x', 155, 509, 'M', 510, 528, 'x', 529, 532];[0.247, 0.318];[22];[0];[0];['ALAAGNTIVL'];[1];[1];[23];[1];[0];['AGNTIVLKPS'];[0];[1];[22, 18];[1, 1];[0, 1];['AAGNTIVLKP', 'AHCSS'];[0, 0];[1, 0];http://www.uniprot.org/uniprot/Q04458
82;sp|Q12676|FOLD_YEAST;OTHER;0.940236;['O', 1, 427];['O', 1, 427];['x', 1, 401, 'M', 402, 420, 'x', 421, 427];[2.564];[];[];[];[];[];[];[];[];[];[];[];[];[18];[3];[1];['IHNSHLRN'];[0];[0];http://www.uniprot.org/uniprot/Q12676
83;sp|Q04013|YHM2_YEAST;OTHER;0.970179;['O', 1, 314];['O', 1, 78, 'M', 79, 96, 'i', 97, 104, 'M', 105, 122, 'O', 123, 314];['x', 1, 276, 'M', 277, 298, 'x', 299, 314];[2.74];[];[];[];[];[];[];[17, 17];[0, 0];[-2, 0];['AEAEYRFKSL', 'VTQAYLTMGF'];[0, -2];[0, 0];[21];[1];[0];['AKEFVARMTG'];[1];[2];http://www.uniprot.org/uniprot/Q04013
84;sp|P10174|COX7_YEAST;OTHER;0.56964;['o', 1, 27, 'M', 28, 50, 'i', 51, 60];['O', 1, 25, 'M', 26, 48, 'i', 49, 60];['x', 1, 26, 'M', 27, 48, 'x', 49, 60];[-1.529];[22];[4];[1];['NAIRGIKAKK'];[1];[3];[22];[2];[0];['IPNAIRGIKA'];[1];[3];[21];[2];[0];['IPNAIRGIKA'];[0];[3];http://www.uniprot.org/uniprot/P10174
85;sp|P53615|CAN_YEAST;OTHER;0.999619;['O', 1, 221];['O', 1, 221];['x', 1, 88, 'M', 89, 110, 'x', 111, 221];[2.617];[];[];[];[];[];[];[];[];[];[];[];[];[21];[1];[1];['CGHTDCGGIK'];[0];[0];http://www.uniprot.org/uniprot/P53615
86;sp|P53944|MTQ1_YEAST;OTHER;0.710859;['O', 1, 314];['O', 1, 314];['x', 1, 117, 'M', 118, 140, 'x', 141, 314];[2.358];[];[];[];[];[];[];[];[];[];[];[];[];[22];[1];[-1];['IDVSTRAIKL'];[0];[0];http://www.uniprot.org/uniprot/P53944
87;sp|P53507|TOM7_YEAST;OTHER;0.906834;['O', 1, 60];['i', 1, 19, 'M', 20, 39, 'O', 40, 60];['x', 1, 26, 'M', 27, 45, 'x', 46, 60];[2.592];[];[];[];[];[];[];[19];[2];[0];['LGWAHTSNRP'];[-1];[-1];[18];[1];[1];['SNRPNFLNLL'];[1];[2];http://www.uniprot.org/uniprot/P53507
88;sp|P07213|TOM70_YEAST;OTHER;0.590478;['i', 1, 11, 'M', 12, 29, 'O', 30, 617];['i', 1, 9, 'M', 10, 26, 'O', 27, 617];['x', 1, 8, 'M', 9, 29, 'x', 30, 617];[1.026];[17];[1];[0];['YNQLQQQQQR'];[0];[2];[16];[0];[0];['YYYYNQLQQQ'];[1];[2];[20];[1];[0];['YNQLQQQQQR'];[1];[2];http://www.uniprot.org/uniprot/P07213
89;sp|P53921|YNM2_YEAST;OTHER;0.965397;['i', 1, 115];['O', 1, 33, 'M', 34, 51, 'i', 52, 115];['x', 1, 115];No tm;[];[];[];[];[];[];[17];[4];[1];['IRTLMKTHKG'];[1];[2];[];[];[];[];[];[];http://www.uniprot.org/uniprot/P53921
90;sp|P36520|RM10_YEAST;OTHER;0.541439;['O', 1, 322];['O', 1, 20, 'M', 21, 41, 'i', 42, 322];['x', 1, 322];No tm;[];[];[];[];[];[];[20];[2];[1];['FRGLFKSPVL'];[0];[1];[];[];[];[];[];[];http://www.uniprot.org/uniprot/P36520
91;sp|P48567|PUS4_YEAST;OTHER;0.925671;['O', 1, 403];['i', 1, 403];['x', 1, 72, 'M', 73, 93, 'x', 94, 403];[2.2];[];[];[];[];[];[];[];[];[];[];[];[];[20];[1];[0];['LANYLSGTVK'];[2];[3];http://www.uniprot.org/uniprot/P48567
92;sp|P42834|MDJ2_YEAST;SP;0.608314;['O', 1, 146];['O', 1, 4, 'M', 5, 28, 'i', 29, 146];['x', 1, 0, 'M', 1, 22, 'x', 23, 146];[0.808];[];[];[];[];[];[];[23];[1];[1];['YKTLSPLTIA'];[2];[3];[21];[1];[0];['LNAWTVYKTL'];[0];[2];http://www.uniprot.org/uniprot/P42834
93;sp|Q08058|COQ10_YEAST;OTHER;0.546741;['O', 1, 207];['O', 1, 167, 'M', 168, 185, 'i', 186, 207];['x', 1, 207];No tm;[];[];[];[];[];[];[17];[4];[2];['FAKRAYHLVR'];[2];[3];[];[];[];[];[];[];http://www.uniprot.org/uniprot/Q08058
94;sp|P81451|ATP19_YEAST;SP;0.706937;['O', 1, 68];['O', 1, 16, 'M', 17, 34, 'i', 35, 68];['x', 1, 16, 'M', 17, 35, 'x', 36, 68];[1.384];[];[];[];[];[];[];[17];[2];[1];['FKSAKPKTVD'];[1];[2];[18];[2];[2];['KSAKPKTVDI'];[1];[2];http://www.uniprot.org/uniprot/P81451
95;sp|Q3E824|YO020_YEAST;OTHER;0.615661;['o', 1, 14, 'M', 15, 34, 'i', 35, 90];['O', 1, 15, 'M', 16, 33, 'i', 34, 90];['x', 1, 15, 'M', 16, 34, 'x', 35, 90];[0.882];[19];[3];[2];['TKPKTKNEGK'];[1];[2];[17];[2];[1];['TTKPKTKNEG'];[1];[1];[18];[3];[2];['TKPKTKNEGK'];[1];[1];http://www.uniprot.org/uniprot/Q3E824
96;sp|Q12511|PDP1_YEAST;OTHER;0.680608;['O', 1, 572];['O', 1, 572];['x', 1, 56, 'M', 57, 75, 'x', 76, 572];[0.936];[];[];[];[];[];[];[];[];[];[];[];[];[18];[1];[1];['YSPKKILSLD'];[1];[2];http://www.uniprot.org/uniprot/Q12511
97;sp|Q12487|RM23_YEAST;OTHER;0.924304;['O', 1, 163];['O', 1, 163];['x', 1, 25, 'M', 26, 44, 'x', 45, 163];[2.152];[];[];[];[];[];[];[];[];[];[];[];[];[18];[1];[1];['KPVYHPSQDC'];[1];[1];http://www.uniprot.org/uniprot/Q12487
98;sp|P25270|MRM1_YEAST;OTHER;0.754373;['O', 1, 412];['O', 1, 412];['x', 1, 256, 'M', 257, 275, 'x', 276, 412];[2.547];[];[];[];[];[];[];[];[];[];[];[];[];[18];[1];[1];['RNCSPLTPVV'];[-2];[-1];http://www.uniprot.org/uniprot/P25270
99;sp|Q99297|ODC2_YEAST;OTHER;0.989964;['O', 1, 307];['O', 1, 281, 'M', 282, 300, 'i', 301, 307];['x', 1, 11, 'M', 12, 33, 'x', 34, 278, 'M', 279, 301, 'x', 302, 307];[2.753, 1.365];[];[];[];[];[];[];[18];[2];[0];['FRDLKYGH'];[0];[0];[21, 22];[1, 2];[-1, 1];['LDVVKTRFQL', 'RDLKYGH'];[-1, 0];[0, 0];http://www.uniprot.org/uniprot/Q99297
100;sp|P07807|DYR_YEAST;OTHER;0.815095;['O', 1, 211];['i', 1, 5, 'M', 6, 23, 'O', 24, 211];['x', 1, 211];No tm;[];[];[];[];[];[];[17];[2];[1];['FRGGLPWRLP'];[2];[2];[];[];[];[];[];[];http://www.uniprot.org/uniprot/P07807
101;sp|Q08645|FOLE_YEAST;OTHER;0.996964;['i', 1, 37, 'M', 38, 57, 'O', 58, 548];['O', 1, 548];['x', 1, 38, 'M', 39, 57, 'x', 58, 525, 'M', 526, 545, 'x', 546, 548];[1.489, 1.871];[19];[3];[1];['IKNPLRMVGK'];[1];[2];[];[];[];[];[];[];[18, 19];[3, 0];[1, 0];['IKNPLRMVGK', 'IDVK'];[0, 0];[2, 0];http://www.uniprot.org/uniprot/Q08645
102;sp|P38969|PNT1_YEAST;OTHER;0.984645;['i', 1, 197, 'M', 198, 220, 'O', 221, 423];['O', 1, 423];['x', 1, 197, 'M', 198, 219, 'x', 220, 423];[0.269];[22];[1];[1];['PRVCPYNCLT'];[2];[1];[];[];[];[];[];[];[21];[1];[1];['FPRVCPYNCL'];[2];[1];http://www.uniprot.org/uniprot/P38969
103;sp|P53686|HST2_YEAST;OTHER;0.988078;['O', 1, 357];['i', 1, 26, 'M', 27, 44, 'O', 45, 216, 'M', 217, 234, 'i', 235, 357];['x', 1, 215, 'M', 216, 234, 'x', 235, 357];[2.636];[];[];[];[];[];[];[17, 17];[2, 1];[1, -2];['FRSPGTGLYH', 'LPEEIPRKVK'];[2, 0];[2, 2];[18];[1];[-2];['LPEEIPRKVK'];[0];[2];http://www.uniprot.org/uniprot/P53686
104;sp|P32580|SUV3_YEAST;OTHER;0.604964;['O', 1, 737];['O', 1, 737];['x', 1, 0, 'M', 1, 20, 'x', 21, 737];[2.746];[];[];[];[];[];[];[];[];[];[];[];[];[19];[3];[1];['VSIKKAYYHS'];[1];[4];http://www.uniprot.org/uniprot/P32580
105;sp|Q02863|UBP16_YEAST;OTHER;0.868898;['i', 1, 20, 'M', 21, 40, 'O', 41, 499];['i', 1, 17, 'M', 18, 40, 'O', 41, 499];['x', 1, 13, 'M', 14, 32, 'x', 33, 499];[1.283];[19];[1];[-1];['FGDSKQSIGK'];[0];[2];[22];[1];[-1];['FGDSKQSIGK'];[-1];[0];[18];[0];[0];['APSLSALVFG'];[1];[0];http://www.uniprot.org/uniprot/Q02863
106;sp|Q02825|SEN54_YEAST;OTHER;0.99824;['O', 1, 467];['O', 1, 467];['x', 1, 217, 'M', 218, 240, 'x', 241, 467];[1.861];[];[];[];[];[];[];[];[];[];[];[];[];[22];[3];[1];['YSKWNFFFRK'];[2];[3];http://www.uniprot.org/uniprot/Q02825
107;sp|Q02883|FMP30_YEAST;OTHER;0.739628;['i', 1, 53, 'M', 54, 76, 'O', 77, 468];['i', 1, 56, 'M', 57, 76, 'O', 77, 468];['x', 1, 51, 'M', 52, 73, 'x', 74, 468];[0.084];[22];[1];[1];['ATVKQIDLRN'];[1];[3];[19];[1];[1];['ATVKQIDLRN'];[1];[3];[21];[0];[0];['VSLATVKQID'];[2];[3];http://www.uniprot.org/uniprot/Q02883
108;sp|Q12467|MRX4_YEAST;OTHER;0.614593;['O', 1, 430];['O', 1, 430];['x', 1, 400, 'M', 401, 422, 'x', 423, 430];[-0.485];[];[];[];[];[];[];[];[];[];[];[];[];[21];[2];[1];['LSQRQESKK'];[0];[0];http://www.uniprot.org/uniprot/Q12467
109;sp|Q08959|PGC1_YEAST;OTHER;0.9987;['O', 1, 321];['O', 1, 290, 'M', 291, 315, 'i', 316, 321];['x', 1, 276, 'M', 277, 298, 'x', 299, 299, 'M', 300, 321, 'x', 322, 321];[2.566, -0.604];[];[];[];[];[];[];[24];[2];[1];['LRTIHFL'];[0];[0];[21, 21];[2, 0];[2, 0];['VHIKLCGWSI', 'L'];[0, 0];[-1, 0];http://www.uniprot.org/uniprot/Q08959
110;sp|Q12350|JID1_YEAST;OTHER;0.443133;['O', 1, 301];['O', 1, 301];['x', 1, 204, 'M', 205, 227, 'x', 228, 301];[-0.474];[];[];[];[];[];[];[];[];[];[];[];[];[22];[1];[1];['LAKIQESLSK'];[0];[0];http://www.uniprot.org/uniprot/Q12350
111;sp|P80967|TOM5_YEAST;OTHER;0.708198;['O', 1, 50];['i', 1, 27, 'M', 28, 45, 'O', 46, 50];['x', 1, 23, 'M', 24, 45, 'x', 46, 50];[1.633];[];[];[];[];[];[];[17];[3];[2];['VKKQWK'];[0];[0];[21];[3];[2];['VKKQWK'];[0];[0];http://www.uniprot.org/uniprot/P80967
112;sp|Q06510|TAZ_YEAST;OTHER;0.998764;['O', 1, 381];['i', 1, 25, 'M', 26, 44, 'O', 45, 381];['x', 1, 22, 'M', 23, 45, 'x', 46, 381];[0.939];[];[];[];[];[];[];[18];[1];[0];['FTCYNVKLNG'];[2];[2];[22];[1];[0];['TCYNVKLNGF'];[-1];[1];http://www.uniprot.org/uniprot/Q06510
