Unnamed: 0;name;targetp_pred;targetp_pred_score;tmhmm_TM_pred;HMMTOP_TM_pred;DeltaG_TM_pred;deltaG_pred_score;tmhmm_tm_segment_length;tmhmm_plus_10_after_TM_charge;tmhmm_plus_5_after_TM_charge;tmhmm_plus_10_after_TM_sequence;tmhmm_minus_5_before_TM_charge;tmhmm_minus_10_before_TM_charge;HMMTOP_tm_segment_length;HMMTOP_plus_10_after_TM_charge;HMMTOP_plus_5_after_TM_charge;HMMTOP_plus_10_after_TM_sequence;HMMTOP_minus_5_before_TM_charge;HMMTOP_minus_10_before_TM_charge;DeltaG_tm_segment_length;DeltaG_plus_10_after_TM_charge;DeltaG_plus_5_after_TM_charge;DeltaG_plus_10_after_TM_sequence;DeltaG_minus_5_before_TM_charge;DeltaG_minus_10_before_TM_charge;localization: 
24;sp|P39726|GCSH_YEAST;MT;0.998194;['O', 1, 170];['O', 1, 170];['x', 1, 170];No tm;[];[];[];[];[];[];[];[];[];[];[];[];[];[];[];[];[];[];[]
26;sp|P39724|BOL3_YEAST;MT;0.952309;['O', 1, 118];['O', 1, 118];['x', 1, 118];No tm;[];[];[];[];[];[];[];[];[];[];[];[];[];[];[];[];[];[];['Mitochondrial matrix [GO:0005759]']
30;sp|P32785|FMT_YEAST;MT;0.795381;['O', 1, 401];['O', 1, 401];['x', 1, 353, 'M', 354, 372, 'x', 373, 401];[2.376];[];[];[];[];[];[];[];[];[];[];[];[];[18];[-1];[-1];['FEGFAVERAG'];[1];[0];[]
32;sp|P36775|LONM_YEAST;MT;0.78609;['O', 1, 1133];['i', 1, 1133];['x', 1, 1133];No tm;[];[];[];[];[];[];[];[];[];[];[];[];[];[];[];[];[];[];['Mitochondrial matrix [GO:0005759]']
34;sp|P38064|RM16_YEAST;MT;0.934198;['O', 1, 232];['O', 1, 232];['x', 1, 232];No tm;[];[];[];[];[];[];[];[];[];[];[];[];[];[];[];[];[];[];['Mitochondrial matrix [GO:0005759]']
36;sp|P07256|QCR1_YEAST;MT;0.930476;['O', 1, 457];['O', 1, 457];['x', 1, 457];No tm;[];[];[];[];[];[];[];[];[];[];[];[];[];[];[];[];[];[];['Mitochondrial inner membrane [GO:0005743]']
37;sp|P34220|YBF5_YEAST;MT;0.7476;['O', 1, 418];['O', 1, 418];['x', 1, 418];No tm;[];[];[];[];[];[];[];[];[];[];[];[];[];[];[];[];[];[];[]
41;sp|P34227|PRX1_YEAST;MT;0.97339;['O', 1, 261];['O', 1, 261];['x', 1, 261];No tm;[];[];[];[];[];[];[];[];[];[];[];[];[];[];[];[];[];[];[]
42;sp|P33893|GATB_YEAST;MT;0.950651;['O', 1, 541];['O', 1, 541];['x', 1, 75, 'M', 76, 94, 'x', 95, 541];[2.379];[];[];[];[];[];[];[];[];[];[];[];[];[18];[0];[0];['GSQVNSISQF'];[-1];[-1];[]
43;sp|P38175|RT21_YEAST;MT;0.90686;['O', 1, 177];['i', 1, 177];['x', 1, 177];No tm;[];[];[];[];[];[];[];[];[];[];[];[];[];[];[];[];[];[];['Mitochondrial matrix [GO:0005759]']
46;sp|P07251|ATPA_YEAST;MT;0.999987;['O', 1, 545];['i', 1, 545];['x', 1, 545];No tm;[];[];[];[];[];[];[];[];[];[];[];[];[];[];[];[];[];[];['Mitochondrial inner membrane [GO:0005743]', 'Mitochondrial matrix [GO:0005759]']
48;sp|P18900|COQ1_YEAST;MT;0.9186;['O', 1, 473];['i', 1, 473];['x', 1, 473];No tm;[];[];[];[];[];[];[];[];[];[];[];[];[];[];[];[];[];[];['Mitochondrial inner membrane [GO:0005743]']
50;sp|P38072|SCO2_YEAST;MT;0.876255;['i', 1, 295, 'M', 296, 301];['O', 1, 81, 'M', 82, 98, 'i', 99, 114, 'M', 115, 131, 'O', 132, 301];['x', 1, 78, 'M', 79, 97, 'x', 98, 301];[0.023];[5];[0];[0];['N'];[0];[0];[16, 16];[2, -1];[3, 1];['SRKRRLLETE', 'NGKPFTEENL'];[1, -1];[2, -2];[18];[3];[2];['LSRKRRLLET'];[2];[2];['Mitochondrial inner membrane [GO:0005743]']
51;sp|P38071|ETR1_YEAST;MT;0.602927;['O', 1, 380];['O', 1, 380];['x', 1, 380];No tm;[];[];[];[];[];[];[];[];[];[];[];[];[];[];[];[];[];[];['Mitochondrial matrix [GO:0005759]']
53;sp|P23833|SCO1_YEAST;MT;0.992538;['O', 1, 295];['O', 1, 295];['x', 1, 70, 'M', 71, 91, 'x', 92, 295];[0.479];[];[];[];[];[];[];[];[];[];[];[];[];[20];[2];[0];['FNREKRRLET'];[2];[1];['Mitochondrial inner membrane [GO:0005743]']
54;sp|P38077|ATPG_YEAST;MT;0.996206;['O', 1, 311];['O', 1, 311];['x', 1, 311];No tm;[];[];[];[];[];[];[];[];[];[];[];[];[];[];[];[];[];[];['Mitochondrial inner membrane [GO:0005743]']
55;sp|P38228|TCM62_YEAST;MT;0.659514;['O', 1, 572];['O', 1, 572];['x', 1, 467, 'M', 468, 489, 'x', 490, 572];[2.842];[];[];[];[];[];[];[];[];[];[];[];[];[21];[1];[1];['FKNAYGYNYY'];[0];[-1];['Mitochondrial inner membrane [GO:0005743]', 'Cytosol [GO:0005829]']
56;sp|P38231|FMP23_YEAST;MT;0.924669;['O', 1, 175];['O', 1, 175];['x', 1, 175];No tm;[];[];[];[];[];[];[];[];[];[];[];[];[];[];[];[];[];[];[]
60;sp|P09440|C1TM_YEAST;MT;0.996254;['O', 1, 975];['O', 1, 975];['x', 1, 303, 'M', 304, 322, 'x', 323, 583, 'M', 584, 606, 'x', 607, 975];[2.511, 2.324];[];[];[];[];[];[];[];[];[];[];[];[];[18, 22];[0, 2];[1, 2];['RQFVESEKLP', 'KSLHEMKERI'];[0, -1];[0, -1];['Cytosol [GO:0005829]']
65;sp|Q01976|ADPP_YEAST;MT;0.977489;['O', 1, 231];['O', 1, 231];['x', 1, 231];No tm;[];[];[];[];[];[];[];[];[];[];[];[];[];[];[];[];[];[];['Plasma membrane [GO:0005886]']
68;sp|P36531|RM36_YEAST;MT;0.904509;['O', 1, 177];['i', 1, 177];['x', 1, 177];No tm;[];[];[];[];[];[];[];[];[];[];[];[];[];[];[];[];[];[];['Mitochondrial matrix [GO:0005759]']
69;sp|P38120|RT09_YEAST;MT;0.987643;['O', 1, 278];['O', 1, 225, 'M', 226, 242, 'i', 243, 278];['x', 1, 278];No tm;[];[];[];[];[];[];[16];[4];[2];['LKSRLHKAGV'];[0];[0];[];[];[];[];[];[];['Mitochondrial matrix [GO:0005759]']
72;sp|P38122|PANB_YEAST;MT;0.801463;['O', 1, 312];['O', 1, 312];['x', 1, 312];No tm;[];[];[];[];[];[];[];[];[];[];[];[];[];[];[];[];[];[];[]
74;sp|P38300|MBA1_YEAST;MT;0.834923;['O', 1, 278];['i', 1, 61, 'M', 62, 86, 'O', 87, 278];['x', 1, 73, 'M', 74, 92, 'x', 93, 278];[2.321];[];[];[];[];[];[];[24];[2];[2];['IRRLYTFGLN'];[2];[2];[18];[0];[0];['FGLNSVQVAL'];[0];[1];['Mitochondrial inner membrane [GO:0005743]']
77;sp|Q2V2Q3|YB201_YEAST;MT;0.613917;['o', 1, 22, 'M', 23, 45, 'i', 46, 67];['i', 1, 22, 'M', 23, 42, 'O', 43, 67];['x', 1, 22, 'M', 23, 42, 'x', 43, 67];[0.093];[22];[2];[1];['RMASKDTHYY'];[1];[2];[19];[1];[1];['LPARMASKDT'];[1];[2];[19];[1];[1];['LPARMASKDT'];[1];[2];[]
78;sp|P32473|ODPB_YEAST;MT;0.999867;['O', 1, 366];['i', 1, 87, 'M', 88, 107, 'O', 108, 366];['x', 1, 92, 'M', 93, 111, 'x', 112, 366];[2.97];[];[];[];[];[];[];[19];[1];[1];['LKGLKPIVEF'];[0];[0];[18];[0];[1];['KPIVEFMSFN'];[1];[0];['Mitochondrial matrix [GO:0005759]']
79;sp|P38323|CLPX_YEAST;MT;0.950193;['O', 1, 520];['O', 1, 265, 'M', 266, 285, 'i', 286, 520];['x', 1, 265, 'M', 266, 286, 'x', 287, 520];[2.232];[];[];[];[];[];[];[19];[2];[1];['LDKHIVKRIE'];[0];[1];[20];[1];[1];['DKHIVKRIED'];[0];[1];['Mitochondrial inner membrane [GO:0005743]', 'Mitochondrial matrix [GO:0005759]']
84;sp|P33759|RT05_YEAST;MT;0.565142;['O', 1, 307];['O', 1, 307];['x', 1, 307];No tm;[];[];[];[];[];[];[];[];[];[];[];[];[];[];[];[];[];[];['Mitochondrial matrix [GO:0005759]', 'Cytosol [GO:0005829]']
87;sp|P37292|GLYM_YEAST;MT;0.987457;['O', 1, 490];['O', 1, 490];['x', 1, 490];No tm;[];[];[];[];[];[];[];[];[];[];[];[];[];[];[];[];[];[];[]
88;sp|P36532|RM37_YEAST;MT;0.944219;['O', 1, 105];['O', 1, 105];['x', 1, 105];No tm;[];[];[];[];[];[];[];[];[];[];[];[];[];[];[];[];[];[];['Mitochondrial matrix [GO:0005759]']
89;sp|P38345|SDHF4_YEAST;MT;0.958521;['O', 1, 138];['O', 1, 138];['x', 1, 138];No tm;[];[];[];[];[];[];[];[];[];[];[];[];[];[];[];[];[];[];['Mitochondrial matrix [GO:0005759]']
90;sp|P36526|RM27_YEAST;MT;0.53119;['O', 1, 146];['O', 1, 146];['x', 1, 146];No tm;[];[];[];[];[];[];[];[];[];[];[];[];[];[];[];[];[];[];['Mitochondrial matrix [GO:0005759]']
92;sp|P25578|PGPS1_YEAST;MT;0.734967;['O', 1, 521];['O', 1, 521];['x', 1, 318, 'M', 319, 341, 'x', 342, 521];[2.428];[];[];[];[];[];[];[];[];[];[];[];[];[22];[1];[0];['FNILPDIKAK'];[0];[0];[]
93;sp|P25605|ILV6_YEAST;MT;0.994017;['O', 1, 309];['i', 1, 309];['x', 1, 309];No tm;[];[];[];[];[];[];[];[];[];[];[];[];[];[];[];[];[];[];['Mitochondrial matrix [GO:0005759]']
94;sp|P25374|NFS1_YEAST;MT;0.959964;['O', 1, 497];['O', 1, 238, 'M', 239, 256, 'i', 257, 497];['x', 1, 497];No tm;[];[];[];[];[];[];[17];[2];[0];['IKEIGAICRK'];[-2];[-2];[];[];[];[];[];[];['Cytosol [GO:0005829]', 'Plasma membrane [GO:0005886]']
100;sp|P25375|PRTD_YEAST;MT;0.935384;['O', 1, 712];['O', 1, 712];['x', 1, 2, 'M', 3, 25, 'x', 26, 712];[2.304];[];[];[];[];[];[];[];[];[];[];[];[];[22];[0];[0];['YSMANTTSFP'];[0];[0];['Mitochondrial intermembrane space [GO:0005758]', 'ER & Golgi [GO:0005783] [GO:0005794]', 'Peroxisome [GO:0005777]']
102;sp|P25348|RM32_YEAST;MT;0.60806;['O', 1, 183];['i', 1, 14, 'M', 15, 32, 'O', 33, 183];['x', 1, 183];No tm;[];[];[];[];[];[];[17];[1];[0];['LQIPGQKQLG'];[1];[2];[];[];[];[];[];[];['Mitochondrial inner membrane [GO:0005743]', 'Mitochondrial matrix [GO:0005759]']
106;sp|P25345|SYNM_YEAST;MT;0.609763;['O', 1, 492];['O', 1, 492];['x', 1, 141, 'M', 142, 160, 'x', 161, 211, 'M', 212, 234, 'x', 235, 492];[2.604, 1.719];[];[];[];[];[];[];[];[];[];[];[];[];[18, 22];[-1, 1];[-1, 0];['VEFQFMLYFQ', 'LSPCFRAEKS'];[1, 0];[2, 1];['Mitochondrial matrix [GO:0005759]']
107;sp|P32445|RIM1_YEAST;MT;0.959112;['O', 1, 135];['O', 1, 135];['x', 1, 135];No tm;[];[];[];[];[];[];[];[];[];[];[];[];[];[];[];[];[];[];['Mitochondrial matrix [GO:0005759]']
108;sp|P25626|IMG1_YEAST;MT;0.962959;['O', 1, 169];['i', 1, 169];['x', 1, 169];No tm;[];[];[];[];[];[];[];[];[];[];[];[];[];[];[];[];[];[];['Mitochondrial matrix [GO:0005759]']
109;sp|P25642|IMG2_YEAST;MT;0.99183;['O', 1, 146];['O', 1, 146];['x', 1, 146];No tm;[];[];[];[];[];[];[];[];[];[];[];[];[];[];[];[];[];[];['Mitochondrial matrix [GO:0005759]']
111;sp|P25372|TRX3_YEAST;MT;0.989352;['O', 1, 127];['O', 1, 127];['x', 1, 127];No tm;[];[];[];[];[];[];[];[];[];[];[];[];[];[];[];[];[];[];[]
113;sp|Q12165|ATPD_YEAST;MT;0.999685;['O', 1, 160];['i', 1, 160];['x', 1, 160];No tm;[];[];[];[];[];[];[];[];[];[];[];[];[];[];[];[];[];[];['Mitochondrial inner membrane [GO:0005743]']
114;sp|Q07349|MRX9_YEAST;MT;0.531889;['i', 1, 122, 'M', 123, 145, 'o', 146, 148, 'M', 149, 169, 'i', 170, 420];['i', 1, 127, 'M', 128, 145, 'O', 146, 149, 'M', 150, 169, 'i', 170, 328, 'M', 329, 346, 'O', 347, 420];['x', 1, 124, 'M', 125, 146, 'x', 147, 147, 'M', 148, 170, 'x', 171, 420];[-0.562, -1.413];[22, 20];[0, 4];[0, 1];['LTSTIVVIPL', 'FKQFKKWQKN'];[1, 0];[2, 0];[17, 19, 17];[0, 4, 0];[0, 1, 0];['LTSTIVVIPL', 'FKQFKKWQKN', 'FNGGAYSKAD'];[1, 0, 2];[2, 0, 3];[21, 22];[0, 4];[0, 2];['TSTIVVIPLI', 'KQFKKWQKNI'];[1, 0];[2, 0];['ER & Golgi [GO:0005783] [GO:0005794]']
116;sp|Q12093|MTU1_YEAST;MT;0.746877;['O', 1, 417];['i', 1, 28, 'M', 29, 47, 'O', 48, 417];['x', 1, 417];No tm;[];[];[];[];[];[];[18];[0];[-1];['AGEFPNTRGV'];[1];[1];[];[];[];[];[];[];[]
120;sp|P21954|IDHP_YEAST;MT;0.860732;['O', 1, 428];['O', 1, 428];['x', 1, 428];No tm;[];[];[];[];[];[];[];[];[];[];[];[];[];[];[];[];[];[];['Mitochondrial matrix [GO:0005759]']
122;sp|P14066|CBS1_YEAST;MT;0.969384;['O', 1, 229];['O', 1, 229];['x', 1, 183, 'M', 184, 202, 'x', 203, 229];[2.997];[];[];[];[];[];[];[];[];[];[];[];[];[18];[1];[0];['IKNDNKKFIE'];[0];[-1];['Mitochondrial inner membrane [GO:0005743]', 'Mitochondrial matrix [GO:0005759]']
123;sp|Q07500|NDH2_YEAST;MT;0.988932;['O', 1, 545];['i', 1, 58, 'M', 59, 76, 'O', 77, 505, 'M', 506, 523, 'i', 524, 545];['x', 1, 51, 'M', 52, 73, 'x', 74, 97, 'M', 98, 116, 'x', 117, 255, 'M', 256, 276, 'x', 277, 506, 'M', 507, 529, 'x', 530, 545];[1.686, 2.864, 2.99, 0.586];[];[];[];[];[];[];[17, 17];[1, 1];[0, 2];['YKESNPPKQV', 'IRNRILIAMD'];[2, -1];[3, 0];[21, 18, 20, 22];[-1, -1, -3, 0];[-1, -1, -1, -1];['YELYKESNPP', 'LDTSLYNVTV', 'AELQDYINQD', 'IAMDWTKVYF'];[1, 0, 0, -1];[2, 1, -1, 0];['Mitochondrial intermembrane space [GO:0005758]']
127;sp|Q07540|FRDA_YEAST;MT;0.965598;['O', 1, 174];['O', 1, 174];['x', 1, 174];No tm;[];[];[];[];[];[];[];[];[];[];[];[];[];[];[];[];[];[];['Mitochondrial matrix [GO:0005759]']
129;sp|P01098|STF1_YEAST;MT;0.992307;['i', 1, 86];['i', 1, 86];['x', 1, 86];No tm;[];[];[];[];[];[];[];[];[];[];[];[];[];[];[];[];[];[];[]
130;sp|Q07560|CRD1_YEAST;MT;0.789828;['i', 1, 83, 'M', 84, 106, 'o', 107, 151, 'M', 152, 174, 'i', 175, 252, 'M', 253, 275, 'o', 276, 283];['O', 1, 83, 'M', 84, 106, 'i', 107, 124, 'M', 125, 143, 'O', 144, 151, 'M', 152, 175, 'i', 176, 211, 'M', 212, 230, 'O', 231, 256, 'M', 257, 274, 'i', 275, 283];['x', 1, 72, 'M', 73, 95, 'x', 96, 159, 'M', 160, 182, 'x', 183, 213, 'M', 214, 232, 'x', 233, 252, 'M', 253, 274, 'x', 275, 283];[1.046, 0.078, 1.779, 2.428];[22, 22, 22];[-2, 3, 4];[-1, 1, 2];['ITDFMDGYIA', 'FIRYSTLKLK', 'KRNAFKLLK'];[1, 0, 0];[1, 0, 0];[22, 18, 23, 18, 17];[-2, 0, 3, -2, 4];[-1, 0, 1, -1, 2];['ITDFMDGYIA', 'ALSVPSGPQI', 'IRYSTLKLKY', 'YEKEEGCEKT', 'LKRNAFKLLK'];[1, 2, 0, 0, -1];[1, 3, 0, 0, 0];[22, 22, 18, 21];[0, 2, -3, 4];[0, 1, -1, 2];['TPALGLFAFS', 'LKYPGRVAWN', 'KEEGCEKTEE', 'LKRNAFKLLK'];[2, 0, 1, 0];[2, 0, 2, -1];['Mitochondrial inner membrane [GO:0005743]']
133;sp|P04819|DNLI1_YEAST;MT;0.739952;['O', 1, 755];['i', 1, 181, 'M', 182, 198, 'O', 199, 755];['x', 1, 309, 'M', 310, 329, 'x', 330, 755];[2.717];[];[];[];[];[];[];[16];[-3];[-1];['GPDYEAGLEL'];[-1];[1];[19];[-2];[-1];['LHDENREDSP'];[1];[0];['Plasma membrane [GO:0005886]']
134;sp|P32891|DLD1_YEAST;MT;0.995172;['O', 1, 587];['O', 1, 587];['x', 1, 42, 'M', 43, 61, 'x', 62, 587];[1.479];[];[];[];[];[];[];[];[];[];[];[];[];[18];[2];[1];['AKNLYSRETK'];[0];[-1];['Mitochondrial inner membrane [GO:0005743]']
136;sp|P46681|DLD2_YEAST;MT;0.98702;['O', 1, 530];['O', 1, 530];['x', 1, 255, 'M', 256, 275, 'x', 276, 530];[2.388];[];[];[];[];[];[];[];[];[];[];[];[];[19];[2];[1];['VPKPKAFNVS'];[-1];[-1];['Mitochondrial matrix [GO:0005759]']
137;sp|P01097|ATIF_YEAST;MT;0.999055;['O', 1, 85];['i', 1, 85];['x', 1, 85];No tm;[];[];[];[];[];[];[];[];[];[];[];[];[];[];[];[];[];[];[]
138;sp|P48569|YD183_YEAST;MT;0.903714;['O', 1, 320];['O', 1, 195, 'M', 196, 220, 'i', 221, 320];['x', 1, 191, 'M', 192, 212, 'x', 213, 320];[-1.295];[];[];[];[];[];[];[24];[2];[1];['LSYRAYVNIK'];[2];[3];[20];[0];[0];['IPNVPGFYLS'];[-1];[1];['Mitochondrial inner membrane [GO:0005743]']
140;sp|P36521|RM11_YEAST;MT;0.933532;['O', 1, 249];['O', 1, 249];['x', 1, 194, 'M', 195, 213, 'x', 214, 249];[2.853];[];[];[];[];[];[];[];[];[];[];[];[];[18];[-1];[-1];['LENSSNALYL'];[0];[0];['Mitochondrial matrix [GO:0005759]']
145;sp|P28817|HIBCH_YEAST;MT;0.993935;['O', 1, 500];['O', 1, 500];['x', 1, 199, 'M', 200, 222, 'x', 223, 500];[2.31];[];[];[];[];[];[];[];[];[];[];[];[];[22];[0];[1];['ASHYVSSENL'];[0];[0];[]
146;sp|Q03201|RT10_YEAST;MT;0.964673;['O', 1, 203];['O', 1, 203];['x', 1, 203];No tm;[];[];[];[];[];[];[];[];[];[];[];[];[];[];[];[];[];[];['Mitochondrial matrix [GO:0005759]']
152;sp|Q12497|FMP16_YEAST;MT;0.996408;['O', 1, 93];['i', 1, 93];['x', 1, 93];No tm;[];[];[];[];[];[];[];[];[];[];[];[];[];[];[];[];[];[];[]
155;sp|Q04598|RM34_YEAST;MT;0.643285;['O', 1, 105];['i', 1, 105];['x', 1, 105];No tm;[];[];[];[];[];[];[];[];[];[];[];[];[];[];[];[];[];[];['Mitochondrial matrix [GO:0005759]', 'Plasma membrane [GO:0005886]']
156;sp|Q04599|RM01_YEAST;MT;0.981095;['O', 1, 285];['i', 1, 285];['x', 1, 285];No tm;[];[];[];[];[];[];[];[];[];[];[];[];[];[];[];[];[];[];['Mitochondrial matrix [GO:0005759]']
157;sp|Q2V2P9|COX26_YEAST;MT;0.997536;['O', 1, 39, 'M', 40, 62, 'i', 63, 66];['O', 1, 42, 'M', 43, 60, 'i', 61, 66];['x', 1, 39, 'M', 40, 60, 'x', 61, 66];[1.067];[22];[3];[3];['KARKA'];[0];[0];[17];[3];[1];['FSKARKA'];[0];[0];[20];[3];[1];['FSKARKA'];[0];[0];['Mitochondrial inner membrane [GO:0005743]']
160;sp|P19262|ODO2_YEAST;MT;0.960592;['O', 1, 463];['i', 1, 290, 'M', 291, 315, 'O', 316, 463];['x', 1, 463];No tm;[];[];[];[];[];[];[24];[-2];[-2];['IEGDQIVYRD'];[0];[1];[];[];[];[];[];[];['Mitochondrial matrix [GO:0005759]']
162;sp|Q03976|RT24_YEAST;MT;0.895192;['O', 1, 319];['i', 1, 319];['x', 1, 319];No tm;[];[];[];[];[];[];[];[];[];[];[];[];[];[];[];[];[];[];['Mitochondrial matrix [GO:0005759]']
163;sp|P37298|DHSD_YEAST;MT;0.999223;['i', 1, 73, 'M', 74, 96, 'o', 97, 131, 'M', 132, 149, 'i', 150, 181];['i', 1, 81, 'M', 82, 106, 'O', 107, 132, 'M', 133, 149, 'i', 150, 181];['x', 1, 68, 'M', 69, 90, 'x', 91, 92, 'M', 93, 111, 'x', 112, 130, 'M', 131, 151, 'x', 152, 181];[1.136, 2.096, 0.578];[22, 17];[-1, -2];[-1, 0];['AADSFFSVML', 'YKLETENDGV'];[1, 0];[0, 1];[24, 16];[-1, -2];[0, 0];['LGYCYMEFNS', 'YKLETENDGV'];[1, 1];[1, 3];[21, 18, 20];[-1, -2, -3];[0, -1, -2];['TGPLSTAADS', 'MEFNSCITDY', 'LETENDGVVG'];[0, 0, 0];[-1, 0, 0];['Mitochondrial inner membrane [GO:0005743]']
166;sp|P15424|MS116_YEAST;MT;0.927813;['O', 1, 664];['O', 1, 664];['x', 1, 664];No tm;[];[];[];[];[];[];[];[];[];[];[];[];[];[];[];[];[];[];['Mitochondrial matrix [GO:0005759]']
169;sp|O13525|COQ4_YEAST;MT;0.967383;['O', 1, 335];['i', 1, 20, 'M', 21, 38, 'O', 39, 233, 'M', 234, 251, 'i', 252, 335];['x', 1, 18, 'M', 19, 37, 'x', 38, 230, 'M', 231, 253, 'x', 254, 335];[1.484, 1.463];[];[];[];[];[];[];[17, 17];[0, 6];[0, 2];['GKEARLADAM', 'LRLKKVQRKR'];[0, -1];[2, 0];[18, 22];[0, 5];[0, 2];['FGKEARLADA', 'LKKVQRKRLY'];[0, -1];[1, -2];['Mitochondrial inner membrane [GO:0005743]']
174;sp|P49367|LYS4_YEAST;MT;0.991276;['O', 1, 693];['O', 1, 693];['x', 1, 440, 'M', 441, 460, 'x', 461, 693];[2.118];[];[];[];[];[];[];[];[];[];[];[];[];[19];[-1];[0];['ISSPAEVLST'];[2];[3];[]
176;sp|P36519|RM07_YEAST;MT;0.909013;['O', 1, 292];['O', 1, 292];['x', 1, 292];No tm;[];[];[];[];[];[];[];[];[];[];[];[];[];[];[];[];[];[];['Mitochondrial matrix [GO:0005759]', 'Cytosol [GO:0005829]']
182;sp|Q05648|MRX10_YEAST;MT;0.960216;['O', 1, 414];['O', 1, 414];['x', 1, 0, 'M', 1, 22, 'x', 23, 372, 'M', 373, 395, 'x', 396, 414];[2.817, -0.219];[];[];[];[];[];[];[];[];[];[];[];[];[21, 22];[0, 0];[0, 1];['LGTSLSIQNL', 'YQKYSSYCSE'];[-2, 0];[-3, 0];['Mitochondrial inner membrane [GO:0005743]']
183;sp|Q05530|YD286_YEAST;MT;0.874756;['O', 1, 114];['O', 1, 114];['x', 1, 114];No tm;[];[];[];[];[];[];[];[];[];[];[];[];[];[];[];[];[];[];[]
185;sp|P09457|ATPO_YEAST;MT;0.996297;['O', 1, 212];['i', 1, 212];['x', 1, 212];No tm;[];[];[];[];[];[];[];[];[];[];[];[];[];[];[];[];[];[];['Mitochondrial inner membrane [GO:0005743]']
187;sp|Q06668|OMS1_YEAST;MT;0.964066;['i', 1, 103, 'M', 104, 123, 'O', 124, 471];['i', 1, 103, 'M', 104, 123, 'O', 124, 471];['x', 1, 104, 'M', 105, 127, 'x', 128, 471];[-0.89];[19];[3];[2];['FTKKLFAKDK'];[1];[1];[19];[3];[2];['FTKKLFAKDK'];[1];[1];[22];[0];[1];['LFAKDKELER'];[0];[2];['Mitochondrial inner membrane [GO:0005743]']
189;sp|Q06678|RM35_YEAST;MT;0.837573;['O', 1, 367];['O', 1, 367];['x', 1, 367];No tm;[];[];[];[];[];[];[];[];[];[];[];[];[];[];[];[];[];[];['Mitochondrial matrix [GO:0005759]']
191;sp|Q06683|IRC3_YEAST;MT;0.629022;['O', 1, 689];['O', 1, 689];['x', 1, 4, 'M', 5, 24, 'x', 25, 380, 'M', 381, 402, 'x', 403, 689];[2.703, 2.512];[];[];[];[];[];[];[];[];[];[];[];[];[19, 21];[2, -4];[2, -1];['IKRCYSAPVL', 'RSDDIEFDDA'];[1, 2];[2, 3];['Mitochondrial matrix [GO:0005759]']
193;sp|P21771|RT28_YEAST;MT;0.906329;['O', 1, 286];['O', 1, 286];['x', 1, 286];No tm;[];[];[];[];[];[];[];[];[];[];[];[];[];[];[];[];[];[];['Mitochondrial matrix [GO:0005759]']
194;sp|P10662|RT01_YEAST;MT;0.514647;['O', 1, 321];['O', 1, 321];['x', 1, 136, 'M', 137, 157, 'x', 158, 321];[2.404];[];[];[];[];[];[];[];[];[];[];[];[];[20];[-1];[0];['INSNLAISGD'];[-1];[-1];['Mitochondrial matrix [GO:0005759]']
196;sp|P50273|ATP22_YEAST;MT;0.813623;['O', 1, 684];['O', 1, 684];['x', 1, 170, 'M', 171, 191, 'x', 192, 529, 'M', 530, 549, 'x', 550, 684];[2.872, 2.9];[];[];[];[];[];[];[];[];[];[];[];[];[20, 19];[1, 1];[1, 2];['TNRLIKGTEM', 'KNHTLTQAEL'];[1, -1];[0, -1];['Mitochondrial inner membrane [GO:0005743]']
200;sp|Q06405|ATPK_YEAST;MT;0.66514;['O', 1, 101];['i', 1, 66, 'M', 67, 86, 'O', 87, 101];['x', 1, 71, 'M', 72, 90, 'x', 91, 101];[1.244];[];[];[];[];[];[];[19];[3];[-1];['MEYYFHLRHH'];[2];[0];[18];[4];[2];['FHLRHHKGAE'];[-2];[-1];['Mitochondrial inner membrane [GO:0005743]']
203;sp|Q04172|SHE9_YEAST;MT;0.973703;['i', 1, 294, 'M', 295, 317, 'o', 318, 438, 'M', 439, 456];['O', 1, 299, 'M', 300, 317, 'i', 318, 430, 'M', 431, 455, 'O', 456, 456];['x', 1, 295, 'M', 296, 317, 'x', 318, 437, 'M', 438, 456, 'x', 457, 456];[-1.985, 0.215];[22, 17];[3, 0];[-1, 0];['LEPWKRKRLV', 'I'];[-1, 0];[2, 0];[17, 24];[3, 0];[-1, 0];['LEPWKRKRLV', 'LI'];[2, 0];[2, 0];[21, 18];[3, 0];[-1, 0];['LEPWKRKRLV', 'I'];[0, 0];[2, 0];['Mitochondrial inner membrane [GO:0005743]']
207;sp|P32898|CYM1_YEAST;MT;0.946972;['O', 1, 989];['O', 1, 989];['x', 1, 854, 'M', 855, 875, 'x', 876, 989];[2.89];[];[];[];[];[];[];[];[];[];[];[];[];[20];[0];[0];['RDPQPLKSLE'];[1];[2];['Mitochondrial intermembrane space [GO:0005758]']
210;sp|P36527|RM28_YEAST;MT;0.502779;['O', 1, 147];['O', 1, 147];['x', 1, 147];No tm;[];[];[];[];[];[];[];[];[];[];[];[];[];[];[];[];[];[];['Mitochondrial matrix [GO:0005759]']
215;sp|Q04401|SDHF3_YEAST;MT;0.747065;['O', 1, 133];['O', 1, 133];['x', 1, 133];No tm;[];[];[];[];[];[];[];[];[];[];[];[];[];[];[];[];[];[];['Mitochondrial intermembrane space [GO:0005758]', 'Mitochondrial matrix [GO:0005759]']
217;sp|P17695|GLRX2_YEAST;MT;0.417359;['i', 1, 6, 'M', 7, 26, 'O', 27, 143];['O', 1, 4, 'M', 5, 21, 'i', 22, 143];['x', 1, 4, 'M', 5, 26, 'x', 27, 143];[-1.115];[19];[3];[2];['AKRFLSTPKM'];[0];[-1];[16];[3];[1];['ATRIIAKRFL'];[1];[0];[21];[3];[2];['AKRFLSTPKM'];[1];[0];['Cytosol [GO:0005829]', 'Plasma membrane [GO:0005886]']
220;sp|P33751|PAD1_YEAST;MT;0.873243;['O', 1, 242];['O', 1, 17, 'M', 18, 37, 'i', 38, 57, 'M', 58, 77, 'O', 78, 242];['x', 1, 9, 'M', 10, 31, 'x', 32, 55, 'M', 56, 77, 'x', 78, 186, 'M', 187, 207, 'x', 208, 242];[2.298, 0.499, 2.054];[];[];[];[];[];[];[19, 19];[3, 0];[2, 0];['THKLSKEVTR', 'LKELSVETHL'];[0, 0];[1, 3];[21, 21, 20];[2, 0, 1];[0, 0, 2];['TSPSFLTHKL', 'LKELSVETHL', 'RPKSLHDLLE'];[0, 0, 0];[2, 1, 0];[]
223;sp|P08067|UCRI_YEAST;MT;0.923175;['O', 1, 215];['i', 1, 53, 'M', 54, 71, 'O', 72, 215];['x', 1, 52, 'M', 53, 71, 'x', 72, 149, 'M', 150, 168, 'x', 169, 215];[2.172, 2.561];[];[];[];[];[];[];[17];[0];[1];['AKSTVETFIS'];[-2];[-2];[18, 18];[0, -2];[1, -1];['AKSTVETFIS', 'GEAGDFGGWF'];[0, -1];[-1, 0];['Mitochondrial inner membrane [GO:0005743]']
224;sp|P39987|HSP7E_YEAST;MT;0.965821;['O', 1, 644];['O', 1, 644];['x', 1, 389, 'M', 390, 412, 'x', 413, 644];[2.609];[];[];[];[];[];[];[];[];[];[];[];[];[22];[-1];[-1];['LDVTPLSLGI'];[1];[0];['Mitochondrial matrix [GO:0005759]']
227;sp|P32611|RML2_YEAST;MT;0.914408;['O', 1, 393];['O', 1, 242, 'M', 243, 263, 'i', 264, 393];['x', 1, 393];No tm;[];[];[];[];[];[];[20];[2];[1];['GKFCRSAGTY'];[1];[1];[];[];[];[];[];[];['Mitochondrial matrix [GO:0005759]']
228;sp|P32317|AFG1_YEAST;MT;0.933539;['O', 1, 509];['O', 1, 509];['x', 1, 214, 'M', 215, 237, 'x', 238, 509];[2.854];[];[];[];[];[];[];[];[];[];[];[];[];[22];[0];[1];['TSNRHPDELY'];[-1];[-2];['Mitochondrial inner membrane [GO:0005743]']
232;sp|P39925|AFG3_YEAST;MT;0.954909;['i', 1, 222, 'M', 223, 245, 'O', 246, 761];['O', 1, 115, 'M', 116, 135, 'i', 136, 225, 'M', 226, 245, 'O', 246, 761];['x', 1, 115, 'M', 116, 134, 'x', 135, 224, 'M', 225, 246, 'x', 247, 761];[-0.619, -1.295];[22];[2];[2];['TRKINSSPPN'];[1];[1];[19, 19];[-2, 2];[0, 2];['PSSNNSGDDS', 'TRKINSSPPN'];[-1, 0];[1, 1];[18, 21];[-2, 2];[0, 2];['TPSSNNSGDD', 'RKINSSPPNA'];[-1, 1];[1, 1];['Mitochondrial inner membrane [GO:0005743]', 'Peroxisome [GO:0005777]']
243;sp|Q01217|ARG56_YEAST;MT;0.564128;['O', 1, 863];['i', 1, 20, 'M', 21, 38, 'O', 39, 863];['x', 1, 115, 'M', 116, 134, 'x', 135, 863];[2.166];[];[];[];[];[];[];[17];[1];[1];['LRAPPSVAFT'];[1];[2];[18];[2];[1];['HGTGPQVNGR'];[0];[0];['Mitochondrial outer membrane [GO:0005741]', 'Cytosol [GO:0005829]']
244;sp|P40047|ALDH5_YEAST;MT;0.996715;['O', 1, 520];['O', 1, 520];['x', 1, 520];No tm;[];[];[];[];[];[];[];[];[];[];[];[];[];[];[];[];[];[];['Mitochondrial matrix [GO:0005759]']
246;sp|P40051|ICP55_YEAST;MT;0.986247;['O', 1, 511];['i', 1, 84, 'M', 85, 102, 'O', 103, 511];['x', 1, 511];No tm;[];[];[];[];[];[];[17];[-2];[0];['FYPFQQENDL'];[0];[0];[];[];[];[];[];[];['Mitochondrial inner membrane [GO:0005743]', 'Plasma membrane [GO:0005886]']
247;sp|P40053|AIM9_YEAST;MT;0.793113;['O', 1, 627];['O', 1, 627];['x', 1, 627];No tm;[];[];[];[];[];[];[];[];[];[];[];[];[];[];[];[];[];[];[]
249;sp|P39965|SYPM_YEAST;MT;0.795192;['O', 1, 576];['O', 1, 576];['x', 1, 576];No tm;[];[];[];[];[];[];[];[];[];[];[];[];[];[];[];[];[];[];[]
252;sp|P40086|COX15_YEAST;MT;0.944605;['i', 1, 84, 'M', 85, 107, 'o', 108, 166, 'M', 167, 189, 'i', 190, 200, 'M', 201, 219, 'o', 220, 241, 'M', 242, 264, 'i', 265, 297, 'M', 298, 320, 'o', 321, 364, 'M', 365, 387, 'i', 388, 399, 'M', 400, 422, 'o', 423, 426, 'M', 427, 449, 'i', 450, 486];['i', 1, 85, 'M', 86, 104, 'O', 105, 170, 'M', 171, 188, 'i', 189, 200, 'M', 201, 219, 'O', 220, 245, 'M', 246, 264, 'i', 265, 294, 'M', 295, 313, 'O', 314, 369, 'M', 370, 387, 'i', 388, 399, 'M', 400, 423, 'O', 424, 427, 'M', 428, 446, 'i', 447, 486];['x', 1, 86, 'M', 87, 109, 'x', 110, 169, 'M', 170, 189, 'x', 190, 198, 'M', 199, 219, 'x', 220, 239, 'M', 240, 261, 'x', 262, 290, 'M', 291, 313, 'x', 314, 368, 'M', 369, 387, 'x', 388, 400, 'M', 401, 423, 'x', 424, 424, 'M', 425, 446, 'x', 447, 486];[-1.602, -0.315, 0.117, 0.468, 0.747, 1.626, -0.182, 2.052];[22, 22, 18, 22, 22, 22, 22, 22];[0, 3, -1, 2, 0, 4, 1, 4];[1, 2, 1, 0, 0, 3, 0, 2];['TRLTESGLSI', 'VSKKTSGHVN', 'VKSGLDQEQL', 'LRECKWIKNP', 'VYNTWPKMGE', 'IKKKAVIPRN', 'LVPISLASIH', 'LRKPRAPMRN'];[0, 0, 1, 1, 1, -1, 0, 0];[1, 0, 3, 1, 2, -1, 1, 0];[18, 17, 18, 18, 18, 17, 23, 18];[0, 3, -1, 2, -1, 4, 1, 3];[0, 1, 1, 0, -1, 3, 0, 0];['GGLTRLTESG', 'AVSKKTSGHV', 'VKSGLDQEQL', 'LRECKWIKNP', 'AGLDAGWVYN', 'IKKKAVIPRN', 'VPISLASIHQ', 'ASQLRKPRAP'];[0, 0, 1, 0, 0, 0, 0, 0];[2, 0, 3, 1, 2, 1, 1, 0];[22, 19, 20, 21, 22, 18, 22, 21];[-2, 3, -1, 0, -1, 4, 1, 3];[-1, 2, 1, -1, -1, 3, 0, 0];['LTESGLSITE', 'VSKKTSGHVN', 'VKSGLDQEQL', 'LEILRECKWI', 'AGLDAGWVYN', 'IKKKAVIPRN', 'VPISLASIHQ', 'ASQLRKPRAP'];[2, 0, 2, 3, 0, 0, 1, 0];[3, -1, 3, 3, 0, 0, 1, 0];['Mitochondrial inner membrane [GO:0005743]']
254;sp|P10355|PT122_YEAST;MT;0.633482;['O', 1, 254];['O', 1, 254];['x', 1, 44, 'M', 45, 67, 'x', 68, 196, 'M', 197, 216, 'x', 217, 254];[2.194, 2.88];[];[];[];[];[];[];[];[];[];[];[];[];[22, 19];[3, 2];[1, 0];['YQHVMPRRLP', 'VPGPAQARRV'];[0, 0];[-1, 1];['Mitochondrial inner membrane [GO:0005743]']
255;sp|P39952|OXA1_YEAST;MT;0.997307;['O', 1, 281, 'M', 282, 304, 'i', 305, 402];['O', 1, 127, 'M', 128, 146, 'i', 147, 199, 'M', 200, 218, 'O', 219, 244, 'M', 245, 261, 'i', 262, 279, 'M', 280, 304, 'O', 305, 402];['x', 1, 125, 'M', 126, 148, 'x', 149, 198, 'M', 199, 219, 'x', 220, 244, 'M', 245, 263, 'x', 264, 277, 'M', 278, 300, 'x', 301, 402];[-0.549, 1.234, 0.714, 1.644];[22];[0];[0];['FNGAFSVLQT'];[0];[2];[18, 18, 16, 24];[0, 1, 0, 0];[1, 2, 1, 0];['LYVKSSDTVA', 'LRHMANYPVD', 'TRLGGETGAQ', 'FNGAFSVLQT'];[1, 1, -1, 0];[1, 2, -1, 2];[22, 20, 18, 22];[1, 1, -1, 0];[1, 2, -1, 0];['VKSSDTVARN', 'RHMANYPVDG', 'LGGETGAQQF', 'LYFAFNGAFS'];[-1, 0, -1, 0];[0, 2, -1, 0];['Mitochondrial inner membrane [GO:0005743]', 'Mitochondrial matrix [GO:0005759]']
256;sp|P21269|CCA1_YEAST;MT;0.79707;['O', 1, 546];['O', 1, 546];['x', 1, 546];No tm;[];[];[];[];[];[];[];[];[];[];[];[];[];[];[];[];[];[];['Mitochondrial matrix [GO:0005759]', 'Plasma membrane [GO:0005886]']
258;sp|P16387|ODPA_YEAST;MT;0.995991;['O', 1, 420];['O', 1, 420];['x', 1, 420];No tm;[];[];[];[];[];[];[];[];[];[];[];[];[];[];[];[];[];[];['Mitochondrial matrix [GO:0005759]']
259;sp|P40098|FMP10_YEAST;MT;0.924568;['i', 1, 28, 'M', 29, 51, 'O', 52, 244];['i', 1, 28, 'M', 29, 45, 'O', 46, 244];['x', 1, 26, 'M', 27, 46, 'x', 47, 142, 'M', 143, 163, 'x', 164, 244];[0.856, 2.049];[22];[0];[-1];['FTDLLAYWRY'];[1];[4];[16];[0];[1];['LTQHMTFTDL'];[1];[4];[19, 20];[0, 1];[1, 0];['TQHMTFTDLL', 'MKEAIRLEKG'];[1, 0];[2, 1];[]
262;sp|P35191|MDJ1_YEAST;MT;0.862859;['O', 1, 511];['O', 1, 511];['x', 1, 511];No tm;[];[];[];[];[];[];[];[];[];[];[];[];[];[];[];[];[];[];['Mitochondrial inner membrane [GO:0005743]', 'Mitochondrial matrix [GO:0005759]']
263;sp|P09624|DLDH_YEAST;MT;0.999484;['O', 1, 499];['i', 1, 28, 'M', 29, 46, 'O', 47, 499];['x', 1, 204, 'M', 205, 226, 'x', 227, 499];[1.665];[];[];[];[];[];[];[17];[0];[0];['AQLGFNTACV'];[0];[2];[21];[0];[1];['LGSKVTVVEF'];[0];[0];['Mitochondrial matrix [GO:0005759]']
264;sp|P13433|RPOM_YEAST;MT;0.820401;['O', 1, 1351];['O', 1, 1351];['x', 1, 498, 'M', 499, 519, 'x', 520, 595, 'M', 596, 614, 'x', 615, 1351];[2.968, 2.214];[];[];[];[];[];[];[];[];[];[];[];[];[20, 18];[-1, -1];[0, 0];['LNSTGGVIEG', 'VSVQGVDPVT'];[0, 1];[0, 1];['Mitochondrial matrix [GO:0005759]']
265;sp|P43557|FMP32_YEAST;MT;0.728124;['O', 1, 184, 'M', 185, 207];['O', 1, 207];['x', 1, 183, 'M', 184, 206, 'x', 207, 207];[-0.86];[22];[0];[0];['T'];[0];[0];[];[];[];[];[];[];[22];[0];[0];['LT'];[0];[0];[]
273;sp|P19955|RT31_YEAST;MT;0.729027;['O', 1, 123];['O', 1, 123];['x', 1, 123];No tm;[];[];[];[];[];[];[];[];[];[];[];[];[];[];[];[];[];[];['Mitochondrial matrix [GO:0005759]']
275;sp|P53193|JAC1_YEAST;MT;0.87757;['O', 1, 184];['O', 1, 184];['x', 1, 184];No tm;[];[];[];[];[];[];[];[];[];[];[];[];[];[];[];[];[];[];['Mitochondrial matrix [GO:0005759]']
276;sp|P0C5N3|YG41A_YEAST;MT;0.990625;['O', 1, 154];['O', 1, 154];['x', 1, 154];No tm;[];[];[];[];[];[];[];[];[];[];[];[];[];[];[];[];[];[];[]
277;sp|P53171|GEP7_YEAST;MT;0.565998;['O', 1, 287];['O', 1, 248, 'M', 249, 266, 'i', 267, 287];['x', 1, 248, 'M', 249, 267, 'x', 268, 287];[-0.099];[];[];[];[];[];[];[17];[1];[-2];['LDESAKQKTK'];[1];[1];[18];[0];[-2];['DESAKQKTKE'];[1];[1];[]
280;sp|P53166|MRH4_YEAST;MT;0.724223;['O', 1, 561];['O', 1, 561];['x', 1, 561];No tm;[];[];[];[];[];[];[];[];[];[];[];[];[];[];[];[];[];[];['Mitochondrial matrix [GO:0005759]']
281;sp|P53163|MNP1_YEAST;MT;0.996971;['O', 1, 194];['i', 1, 194];['x', 1, 12, 'M', 13, 33, 'x', 34, 194];[2.871];[];[];[];[];[];[];[];[];[];[];[];[];[20];[0];[0];['FNSTTTTAPS'];[1];[3];['Mitochondrial matrix [GO:0005759]']
284;sp|P53140|RMD9_YEAST;MT;0.567404;['O', 1, 646];['O', 1, 646];['x', 1, 646];No tm;[];[];[];[];[];[];[];[];[];[];[];[];[];[];[];[];[];[];['Mitochondrial inner membrane [GO:0005743]']
286;sp|P27697|COQ8_YEAST;MT;0.972734;['O', 1, 501];['O', 1, 501];['x', 1, 229, 'M', 230, 249, 'x', 250, 470, 'M', 471, 493, 'x', 494, 501];[1.82, 2.683];[];[];[];[];[];[];[];[];[];[];[];[];[19, 22];[1, 1];[0, 0];['LDKTIANART', 'FKEIFAYKV'];[0, 0];[-1, 0];['Mitochondrial inner membrane [GO:0005743]', 'Mitochondrial matrix [GO:0005759]']
287;sp|Q01163|RT23_YEAST;MT;0.997582;['O', 1, 450];['O', 1, 450];['x', 1, 450];No tm;[];[];[];[];[];[];[];[];[];[];[];[];[];[];[];[];[];[];['Mitochondrial matrix [GO:0005759]']
288;sp|P53123|MRM2_YEAST;MT;0.668307;['O', 1, 320];['O', 1, 320];['x', 1, 320];No tm;[];[];[];[];[];[];[];[];[];[];[];[];[];[];[];[];[];[];[]
289;sp|P30775|RF1M_YEAST;MT;0.955117;['O', 1, 413];['O', 1, 161, 'M', 162, 181, 'i', 182, 413];['x', 1, 413];No tm;[];[];[];[];[];[];[19];[3];[0];['GYANYRKWKY'];[1];[1];[];[];[];[];[];[];[]
291;sp|P04037|COX4_YEAST;MT;0.998893;['O', 1, 155];['O', 1, 155];['x', 1, 155];No tm;[];[];[];[];[];[];[];[];[];[];[];[];[];[];[];[];[];[];['Mitochondrial inner membrane [GO:0005743]']
292;sp|P32799|COX13_YEAST;MT;0.827198;['i', 1, 50, 'M', 51, 73, 'O', 74, 129];['i', 1, 53, 'M', 54, 73, 'O', 74, 129];['x', 1, 49, 'M', 50, 72, 'x', 73, 129];[0.666];[22];[0];[-1];['VEKEHAEHRE'];[3];[2];[19];[0];[-1];['VEKEHAEHRE'];[0];[0];[22];[1];[0];['FVEKEHAEHR'];[1];[1];['Mitochondrial inner membrane [GO:0005743]']
297;sp|P53077|MTC3_YEAST;MT;0.94081;['O', 1, 87, 'M', 88, 110, 'i', 111, 122, 'M', 123, 123];['O', 1, 91, 'M', 92, 109, 'i', 110, 123];['x', 1, 86, 'M', 87, 107, 'x', 108, 123];[0.351];[22, 0];[0, 0];[1, 0];['KQDKKLEEQL', 'V'];[0, 0];[0, 0];[17];[0];[0];['WKQDKKLEEQ'];[0];[0];[20];[1];[1];['YNWKQDKKLE'];[1];[0];['Mitochondrial inner membrane [GO:0005743]']
298;sp|P53070|MTO1_YEAST;MT;0.98282;['O', 1, 669];['O', 1, 669];['x', 1, 0, 'M', 1, 23, 'x', 24, 642, 'M', 643, 662, 'x', 663, 669];[2.637, 2.331];[];[];[];[];[];[];[];[];[];[];[];[];[22, 19];[0, 2];[0, 2];['LTISSLTSFQ', 'RKPSQPVM'];[2, 0];[2, 0];[]
304;sp|P53212|YG1D_YEAST;MT;0.805593;['O', 1, 290];['O', 1, 290];['x', 1, 290];No tm;[];[];[];[];[];[];[];[];[];[];[];[];[];[];[];[];[];[];[]
307;sp|P53219|IMO32_YEAST;MT;0.56483;['O', 1, 342];['O', 1, 342];['x', 1, 342];No tm;[];[];[];[];[];[];[];[];[];[];[];[];[];[];[];[];[];[];[]
308;sp|P53220|TIM21_YEAST;MT;0.917694;['o', 1, 73, 'M', 74, 96, 'i', 97, 239];['i', 1, 70, 'M', 71, 95, 'O', 96, 239];['x', 1, 73, 'M', 74, 96, 'x', 97, 239];[-2.153];[22];[-2];[-1];['LSELFSPSGD'];[0];[1];[24];[-1];[-1];['ILSELFSPSG'];[1];[2];[22];[-2];[-1];['LSELFSPSGD'];[0];[1];['Mitochondrial inner membrane [GO:0005743]']
309;sp|P53230|TAM41_YEAST;MT;0.804261;['O', 1, 385];['O', 1, 385];['x', 1, 385];No tm;[];[];[];[];[];[];[];[];[];[];[];[];[];[];[];[];[];[];['Mitochondrial inner membrane [GO:0005743]', 'Mitochondrial matrix [GO:0005759]']
311;sp|P53234|YG21_YEAST;MT;0.809588;['O', 1, 283];['O', 1, 283];['x', 1, 1, 'M', 2, 22, 'x', 23, 283];[2.728];[];[];[];[];[];[];[];[];[];[];[];[];[20];[1];[0];['YSNSQKVANL'];[1];[1];[]
312;sp|P53239|COX18_YEAST;MT;0.862614;['i', 1, 158, 'M', 159, 181, 'o', 182, 214, 'M', 215, 234, 'i', 235, 274, 'M', 275, 297, 'o', 298, 311, 'M', 312, 316];['O', 1, 56, 'M', 57, 78, 'i', 79, 166, 'M', 167, 184, 'O', 185, 214, 'M', 215, 234, 'i', 235, 264, 'M', 265, 284, 'O', 285, 288, 'M', 289, 308, 'i', 309, 316];['x', 1, 50, 'M', 51, 73, 'x', 74, 166, 'M', 167, 188, 'x', 189, 214, 'M', 215, 236, 'x', 237, 272, 'M', 273, 295, 'x', 296, 316];[1.261, 1.796, 1.05, 1.029];[22, 19, 22, 4];[0, 0, 0, 1];[0, -1, 0, 1];['SMGIRTLTET', 'VELNGRLMFS', 'SQLFSLVQNI', 'R'];[3, 0, 0, 0];[5, -1, 1, 0];[21, 17, 19, 19, 19];[4, 0, 0, 0, 1];[2, 1, -1, 0, 0];['WQRRRILKQQ', 'IRTLTETQLI', 'VELNGRLMFS', 'SQAPFLLSLY', 'LNWIYPYQR'];[0, 1, 0, 1, 0];[1, 2, -1, 1, 0];[22, 21, 21, 22];[3, -2, 1, 0];[0, -1, 1, 0];['LPFSIWQRRR', 'TETQLIESFY', 'LNGRLMFSSS', 'ISSQLFSLVQ'];[-1, 1, 0, 0];[0, 2, -1, 0];['Mitochondrial inner membrane [GO:0005743]']
315;sp|P12686|RT13_YEAST;MT;0.786957;['O', 1, 339];['O', 1, 339];['x', 1, 339];No tm;[];[];[];[];[];[];[];[];[];[];[];[];[];[];[];[];[];[];['Mitochondrial matrix [GO:0005759]']
317;sp|P07806|SYV_YEAST;MT;0.770173;['O', 1, 1104];['O', 1, 1104];['x', 1, 661, 'M', 662, 682, 'x', 683, 1104];[0.878];[];[];[];[];[];[];[];[];[];[];[];[];[20];[0];[0];['TGSVPFKEVF'];[0];[0];['Cytosol [GO:0005829]']
319;sp|P53259|PCP1_YEAST;MT;0.929429;['i', 1, 106, 'M', 107, 129, 'o', 130, 143, 'M', 144, 163, 'i', 164, 203, 'M', 204, 226, 'o', 227, 245, 'M', 246, 268, 'i', 269, 274, 'M', 275, 296, 'o', 297, 310, 'M', 311, 328, 'i', 329, 346];['i', 1, 101, 'M', 102, 124, 'O', 125, 144, 'M', 145, 162, 'i', 163, 198, 'M', 199, 219, 'O', 220, 245, 'M', 246, 269, 'i', 270, 275, 'M', 276, 295, 'O', 296, 313, 'M', 314, 331, 'i', 332, 346];['x', 1, 106, 'M', 107, 129, 'x', 130, 144, 'M', 145, 163, 'x', 164, 203, 'M', 204, 226, 'x', 227, 251, 'M', 252, 270, 'x', 271, 274, 'M', 275, 296, 'x', 297, 307, 'M', 308, 327, 'x', 328, 346];[0.511, 0.39, 1.069, 1.115, 0.655, 2.777];[22, 19, 22, 22, 21, 17];[0, 3, 0, 2, 1, 3];[0, 1, 0, 0, 0, 1];['FEHVPPFTYF', 'PKCWRFLQKY', 'YMNSAIAGSL', 'YLFPHAKILL', 'WNAAGCALRW', 'SKAVEKQRQR'];[1, 0, 0, 0, 0, 1];[1, 2, 0, 1, 1, 0];[22, 17, 20, 23, 19, 17];[0, 3, 0, 2, 1, 3];[0, 1, 0, 1, 0, 0];['GSPYLFEHVP', 'LPKCWRFLQK', 'ASNFFSLYMN', 'LFPHAKILLF', 'AWNAAGCALR', 'VEKQRQRRLQ'];[1, 1, 1, 0, 0, 0];[1, 3, 0, 1, 2, -1];[22, 18, 22, 18, 21, 19];[0, 3, 0, 2, 1, 2];[0, 1, 0, 1, 0, 1];['FEHVPPFTYF', 'PKCWRFLQKY', 'YMNSAIAGSL', 'FPHAKILLFV', 'WNAAGCALRW', 'ISKAVEKQRQ'];[1, 1, 0, 1, 0, 0];[1, 3, 0, 1, 1, 1];['Mitochondrial inner membrane [GO:0005743]']
320;sp|P53260|GATF_YEAST;MT;0.898152;['O', 1, 183];['O', 1, 183];['x', 1, 183];No tm;[];[];[];[];[];[];[];[];[];[];[];[];[];[];[];[];[];[];['Mitochondrial inner membrane [GO:0005743]']
321;sp|P53264|CLD1_YEAST;MT;0.886546;['O', 1, 445];['i', 1, 142, 'M', 143, 160, 'O', 161, 445];['x', 1, 445];No tm;[];[];[];[];[];[];[17];[-4];[-2];['FEDIPLLDNE'];[-1];[-1];[];[];[];[];[];[];['Mitochondrial inner membrane [GO:0005743]']
322;sp|P53266|SHY1_YEAST;MT;0.783601;['i', 1, 71, 'M', 72, 90, 'O', 91, 340, 'M', 341, 363, 'i', 364, 389];['i', 1, 71, 'M', 72, 89, 'O', 90, 344, 'M', 345, 363, 'i', 364, 389];['x', 1, 70, 'M', 71, 90, 'x', 91, 343, 'M', 344, 366, 'x', 367, 389];[0.242, -1.772];[18, 22];[4, 4];[1, 2];['WQVRRLKWKT', 'LRKAKRGGVV'];[2, 1];[3, 1];[17, 18];[4, 4];[0, 2];['TWQVRRLKWK', 'LRKAKRGGVV'];[2, 0];[3, 1];[19, 22];[4, 1];[1, 2];['WQVRRLKWKT', 'AKRGGVVSQD'];[1, 0];[2, 1];['Mitochondrial inner membrane [GO:0005743]']
324;sp|P37293|NAT2_YEAST;MT;0.621223;['i', 1, 103, 'M', 104, 126, 'O', 127, 288];['O', 1, 103, 'M', 104, 127, 'i', 128, 193, 'M', 194, 218, 'O', 219, 288];['x', 1, 98, 'M', 99, 121, 'x', 122, 197, 'M', 198, 220, 'x', 221, 288];[-0.274, 1.888];[22];[0];[-2];['LGEEKIKIYL'];[0];[1];[23, 24];[0, 1];[-1, 0];['GEEKIKIYLN', 'VLTPSFVKLL'];[0, 0];[1, 0];[22, 22];[0, 2];[1, 0];['LGVHSLGEEK', 'TPSFVKLLQR'];[1, 0];[2, 0];[]
326;sp|P53292|RT35_YEAST;MT;0.63736;['O', 1, 345];['O', 1, 345];['x', 1, 345];No tm;[];[];[];[];[];[];[];[];[];[];[];[];[];[];[];[];[];[];['Mitochondrial matrix [GO:0005759]']
328;sp|P22438|SYMM_YEAST;MT;0.752443;['O', 1, 575];['O', 1, 575];['x', 1, 310, 'M', 311, 331, 'x', 332, 575];[2.221];[];[];[];[];[];[];[];[];[];[];[];[];[20];[2];[2];['VHGHWLCNGM'];[0];[1];['Mitochondrial matrix [GO:0005759]', 'Cytosol [GO:0005829]']
334;sp|P16451|ODPX_YEAST;MT;0.985959;['O', 1, 410];['O', 1, 410];['x', 1, 410];No tm;[];[];[];[];[];[];[];[];[];[];[];[];[];[];[];[];[];[];['Mitochondrial matrix [GO:0005759]']
338;sp|P31334|RM09_YEAST;MT;0.930767;['O', 1, 269];['O', 1, 269];['x', 1, 269];No tm;[];[];[];[];[];[];[];[];[];[];[];[];[];[];[];[];[];[];['Mitochondrial matrix [GO:0005759]']
347;sp|P53312|SUCB_YEAST;MT;0.950538;['O', 1, 427];['i', 1, 298, 'M', 299, 318, 'O', 319, 352, 'M', 353, 373, 'i', 374, 427];['x', 1, 350, 'M', 351, 370, 'x', 371, 427];[2.949];[];[];[];[];[];[];[19, 20];[-1, -1];[0, -1];['LNGGDPANFL', 'VEAARELEVR'];[0, 0];[2, 1];[19];[-1];[0];['LGLVEAAREL'];[-1];[0];[]
349;sp|P53318|COQ6_YEAST;MT;0.9923;['O', 1, 479];['O', 1, 479];['x', 1, 26, 'M', 27, 46, 'x', 47, 479];[2.677];[];[];[];[];[];[];[];[];[];[];[];[];[19];[1];[1];['IKNSPQLKDL'];[1];[1];['Mitochondrial inner membrane [GO:0005743]']
352;sp|P32451|BIOB_YEAST;MT;0.910261;['O', 1, 375];['O', 1, 375];['x', 1, 296, 'M', 297, 317, 'x', 318, 375];[2.59];[];[];[];[];[];[];[];[];[];[];[];[];[20];[0];[1];['AGRYTMKETE'];[3];[2];[]
353;sp|P32902|RT04_YEAST;MT;0.86384;['O', 1, 394];['O', 1, 394];['x', 1, 394];No tm;[];[];[];[];[];[];[];[];[];[];[];[];[];[];[];[];[];[];['Mitochondrial matrix [GO:0005759]']
357;sp|P23180|AIM17_YEAST;MT;0.999332;['O', 1, 465];['O', 1, 465];['x', 1, 465];No tm;[];[];[];[];[];[];[];[];[];[];[];[];[];[];[];[];[];[];[]
358;sp|P32190|GLPK_YEAST;MT;0.692623;['O', 1, 709];['O', 1, 709];['x', 1, 709];No tm;[];[];[];[];[];[];[];[];[];[];[];[];[];[];[];[];[];[];[]
364;sp|P00447|SODM_YEAST;MT;0.968621;['O', 1, 233];['O', 1, 233];['x', 1, 233];No tm;[];[];[];[];[];[];[];[];[];[];[];[];[];[];[];[];[];[];['Mitochondrial matrix [GO:0005759]']
365;sp|P38705|SYSM_YEAST;MT;0.641076;['O', 1, 446];['O', 1, 446];['x', 1, 446];No tm;[];[];[];[];[];[];[];[];[];[];[];[];[];[];[];[];[];[];['Mitochondrial matrix [GO:0005759]']
367;sp|P11914|MPPA_YEAST;MT;0.826749;['O', 1, 482];['O', 1, 482];['x', 1, 482];No tm;[];[];[];[];[];[];[];[];[];[];[];[];[];[];[];[];[];[];['Mitochondrial inner membrane [GO:0005743]', 'Mitochondrial matrix [GO:0005759]']
369;sp|P07275|PUT2_YEAST;MT;0.88656;['O', 1, 575];['O', 1, 575];['x', 1, 210, 'M', 211, 233, 'x', 234, 575];[2.467];[];[];[];[];[];[];[];[];[];[];[];[];[22];[1];[1];['WKPSQTAALS'];[-1];[-1];['Mitochondrial inner membrane [GO:0005743]', 'Mitochondrial matrix [GO:0005759]']
370;sp|P38771|RRF1_YEAST;MT;0.955885;['O', 1, 230];['O', 1, 230];['x', 1, 230];No tm;[];[];[];[];[];[];[];[];[];[];[];[];[];[];[];[];[];[];[]
372;sp|P00427|COX6_YEAST;MT;0.999185;['O', 1, 148];['O', 1, 148];['x', 1, 148];No tm;[];[];[];[];[];[];[];[];[];[];[];[];[];[];[];[];[];[];['Mitochondrial inner membrane [GO:0005743]']
373;sp|P38783|FYV4_YEAST;MT;0.96263;['O', 1, 130];['O', 1, 130];['x', 1, 130];No tm;[];[];[];[];[];[];[];[];[];[];[];[];[];[];[];[];[];[];[]
376;sp|P38793|TRM5_YEAST;MT;0.739989;['O', 1, 499];['O', 1, 499];['x', 1, 499];No tm;[];[];[];[];[];[];[];[];[];[];[];[];[];[];[];[];[];[];['Mitochondrial matrix [GO:0005759]', 'Plasma membrane [GO:0005886]']
378;sp|P38797|PP2C7_YEAST;MT;0.998136;['O', 1, 343];['O', 1, 343];['x', 1, 343];No tm;[];[];[];[];[];[];[];[];[];[];[];[];[];[];[];[];[];[];['Plasma membrane [GO:0005886]']
380;sp|P38714|SYRM_YEAST;MT;0.710173;['O', 1, 643];['O', 1, 643];['x', 1, 643];No tm;[];[];[];[];[];[];[];[];[];[];[];[];[];[];[];[];[];[];['Mitochondrial matrix [GO:0005759]']
382;sp|P38816|TRXB2_YEAST;MT;0.70469;['O', 1, 342];['O', 1, 342];['x', 1, 342];No tm;[];[];[];[];[];[];[];[];[];[];[];[];[];[];[];[];[];[];[]
385;sp|P25846|MSH1_YEAST;MT;0.965571;['O', 1, 959];['O', 1, 959];['x', 1, 778, 'M', 779, 797, 'x', 798, 959];[1.435];[];[];[];[];[];[];[];[];[];[];[];[];[18];[2];[0];['VPCSKARVGI'];[0];[1];[]
386;sp|P32904|RM06_YEAST;MT;0.912033;['O', 1, 214];['O', 1, 214];['x', 1, 214];No tm;[];[];[];[];[];[];[];[];[];[];[];[];[];[];[];[];[];[];['Mitochondrial matrix [GO:0005759]']
393;sp|P38880|MDM31_YEAST;MT;0.991087;['O', 1, 120, 'M', 121, 143, 'i', 144, 559, 'M', 560, 579];['i', 1, 107, 'M', 108, 132, 'O', 133, 476, 'M', 477, 501, 'i', 502, 558, 'M', 559, 578, 'O', 579, 579];['x', 1, 107, 'M', 108, 130, 'x', 131, 130, 'M', 131, 149, 'x', 150, 556, 'M', 557, 579, 'x', 580, 579];[-2.123, 2.762, 0.389];[22, 19];[0, 0];[-1, 0];['AQEYLASKIG', 'A'];[0, 0];[0, 0];[24, 24, 19];[0, 3, 0];[0, 2, 0];['SLILYLINTV', 'SHRTYIPIKC', 'IA'];[1, 1, 0];[0, 2, 0];[22, 18, 22];[0, 3, 0];[0, 1, 0];['FVSLILYLIN', 'SKIGKFITKN', 'A'];[1, 0, 0];[0, 0, 0];['Mitochondrial inner membrane [GO:0005743]', 'Plasma membrane [GO:0005886]']
395;sp|P38885|AIM46_YEAST;MT;0.848244;['O', 1, 310];['O', 1, 107, 'M', 108, 125, 'i', 126, 310];['x', 1, 43, 'M', 44, 62, 'x', 63, 310];[1.783];[];[];[];[];[];[];[17];[-1];[-1];['AEDKHLVSEV'];[-1];[0];[18];[-1];[-2];['YDDSQIKKAD'];[1];[3];[]
397;sp|P38891|BCA1_YEAST;MT;0.952826;['O', 1, 393];['O', 1, 393];['x', 1, 393];No tm;[];[];[];[];[];[];[];[];[];[];[];[];[];[];[];[];[];[];['Mitochondrial matrix [GO:0005759]']
399;sp|Q01852|TIM44_YEAST;MT;0.773206;['O', 1, 431];['O', 1, 431];['x', 1, 19, 'M', 20, 42, 'x', 43, 431];[2.809];[];[];[];[];[];[];[];[];[];[];[];[];[22];[1];[0];['AQGGNPRSPL'];[0];[1];['Mitochondrial inner membrane [GO:0005743]']
400;sp|P40530|PDK1_YEAST;MT;0.514764;['O', 1, 394];['O', 1, 394];['x', 1, 73, 'M', 74, 92, 'x', 93, 394];[2.477];[];[];[];[];[];[];[];[];[];[];[];[];[18];[1];[0];['LNAIQRLPYN'];[1];[2];['Mitochondrial matrix [GO:0005759]']
401;sp|P40185|MMF1_YEAST;MT;0.999109;['O', 1, 145];['O', 1, 145];['x', 1, 145];No tm;[];[];[];[];[];[];[];[];[];[];[];[];[];[];[];[];[];[];['Mitochondrial matrix [GO:0005759]']
405;sp|P40513|MAM33_YEAST;MT;0.956173;['O', 1, 266];['O', 1, 266];['x', 1, 266];No tm;[];[];[];[];[];[];[];[];[];[];[];[];[];[];[];[];[];[];['Mitochondrial matrix [GO:0005759]']
409;sp|P40495|LYS12_YEAST;MT;0.998255;['O', 1, 371];['O', 1, 371];['x', 1, 371];No tm;[];[];[];[];[];[];[];[];[];[];[];[];[];[];[];[];[];[];[]
411;sp|P00425|COX5B_YEAST;MT;0.991582;['O', 1, 94, 'M', 95, 114, 'i', 115, 151];['O', 1, 88, 'M', 89, 109, 'i', 110, 151];['x', 1, 90, 'M', 91, 113, 'x', 114, 151];[-1.163];[19];[0];[-1];['ANPETPKTMN'];[0];[0];[20];[0];[1];['LVRLLANPET'];[2];[4];[22];[0];[0];['LANPETPKTM'];[1];[1];['Mitochondrial inner membrane [GO:0005743]']
414;sp|P20967|ODO1_YEAST;MT;0.983115;['O', 1, 1014];['O', 1, 1014];['x', 1, 1014];No tm;[];[];[];[];[];[];[];[];[];[];[];[];[];[];[];[];[];[];['Mitochondrial matrix [GO:0005759]', 'Cytosol [GO:0005829]']
419;sp|P32191|GPDM_YEAST;MT;0.620168;['O', 1, 649];['i', 1, 8, 'M', 9, 26, 'O', 27, 649];['x', 1, 4, 'M', 5, 27, 'x', 28, 151, 'M', 152, 173, 'x', 174, 649];[1.286, 2.668];[];[];[];[];[];[];[17];[0];[0];['MTSQGDRPLV'];[0];[2];[22, 21];[1, 0];[0, 1];['TSQGDRPLVH', 'MGCKFYDFFA'];[1, 2];[1, 2];['Mitochondrial outer membrane [GO:0005741]', 'Mitochondrial inner membrane [GO:0005743]']
421;sp|P40452|COA1_YEAST;MT;0.977779;['O', 1, 197];['i', 1, 73, 'M', 74, 92, 'O', 93, 197];['x', 1, 69, 'M', 70, 92, 'x', 93, 197];[-0.467];[];[];[];[];[];[];[18];[-1];[-1];['FNYEKTESPI'];[-1];[1];[22];[-1];[-1];['FNYEKTESPI'];[0];[-1];['Mitochondrial inner membrane [GO:0005743]']
424;sp|P40576|INA22_YEAST;MT;0.988304;['i', 1, 43, 'M', 44, 63, 'O', 64, 216];['O', 1, 43, 'M', 44, 63, 'i', 64, 216];['x', 1, 42, 'M', 43, 63, 'x', 64, 216];[0.227];[19];[-1];[1];['AEKRNIIDME'];[3];[4];[19];[-1];[1];['AEKRNIIDME'];[3];[4];[20];[-1];[1];['AEKRNIIDME'];[3];[3];['Mitochondrial inner membrane [GO:0005743]']
430;sp|P47052|SDHX_YEAST;MT;0.993791;['O', 1, 634];['O', 1, 634];['x', 1, 46, 'M', 47, 66, 'x', 67, 634];[2.972];[];[];[];[];[];[];[];[];[];[];[];[];[19];[0];[-1];['AEAGYKTACL'];[2];[2];['Mitochondrial inner membrane [GO:0005743]']
431;sp|P47051|LPLA_YEAST;MT;0.573687;['O', 1, 409];['O', 1, 409];['x', 1, 409];No tm;[];[];[];[];[];[];[];[];[];[];[];[];[];[];[];[];[];[];[]
434;sp|P47039|BNA3_YEAST;MT;0.884201;['O', 1, 444];['O', 1, 444];['x', 1, 272, 'M', 273, 295, 'x', 296, 444];[2.227];[];[];[];[];[];[];[];[];[];[];[];[];[22];[3];[2];['AKAHTRICFA'];[0];[1];[]
440;sp|P40858|RN49_YEAST;MT;0.950123;['O', 1, 161];['O', 1, 161];['x', 1, 161];No tm;[];[];[];[];[];[];[];[];[];[];[];[];[];[];[];[];[];[];['Mitochondrial matrix [GO:0005759]']
441;sp|P39677|RRF2M_YEAST;MT;0.952281;['O', 1, 819];['O', 1, 819];['x', 1, 819];No tm;[];[];[];[];[];[];[];[];[];[];[];[];[];[];[];[];[];[];['Cytosol [GO:0005829]']
445;sp|Q3E828|EMR1_YEAST;MT;0.824047;['i', 1, 27, 'M', 28, 47, 'o', 48, 52];['O', 1, 27, 'M', 28, 45, 'i', 46, 52];['x', 1, 23, 'M', 24, 46, 'x', 47, 52];[1.555];[19];[1];[1];['QSKYVQ'];[0];[0];[17];[1];[0];['AAQSKYVQ'];[0];[0];[22];[1];[1];['AQSKYVQ'];[0];[0];[]
446;sp|P47015|AIM23_YEAST;MT;0.683031;['O', 1, 356];['O', 1, 356];['x', 1, 356];No tm;[];[];[];[];[];[];[];[];[];[];[];[];[];[];[];[];[];[];[]
447;sp|Q3E7A3|YJ133_YEAST;MT;0.579647;['O', 1, 74];['i', 1, 74];['x', 1, 74];No tm;[];[];[];[];[];[];[];[];[];[];[];[];[];[];[];[];[];[];['Mitochondrial outer membrane [GO:0005741]']
453;sp|P46998|FMP33_YEAST;MT;0.825561;['O', 1, 180];['O', 1, 33, 'M', 34, 53, 'i', 54, 120, 'M', 121, 140, 'O', 141, 144, 'M', 145, 164, 'i', 165, 180];['x', 1, 33, 'M', 34, 53, 'x', 54, 112, 'M', 113, 135, 'x', 136, 144, 'M', 145, 167, 'x', 168, 180];[0.355, 2.638, 1.717];[];[];[];[];[];[];[19, 19, 19];[1, 3, 2];[-1, 2, 1];['LESNSLNKSK', 'LGKKSILYKG', 'ALKLRMKQLE'];[1, 0, 0];[2, -1, 2];[19, 22, 22];[1, 2, 2];[-1, 0, 2];['LESNSLNKSK', 'IGNSTLGKKS', 'LRMKQLEKAG'];[1, 0, 0];[2, 2, 2];[]
456;sp|P22135|ATP12_YEAST;MT;0.87532;['O', 1, 325];['O', 1, 325];['x', 1, 325];No tm;[];[];[];[];[];[];[];[];[];[];[];[];[];[];[];[];[];[];[]
457;sp|P39533|ACON2_YEAST;MT;0.958707;['O', 1, 789];['O', 1, 789];['x', 1, 789];No tm;[];[];[];[];[];[];[];[];[];[];[];[];[];[];[];[];[];[];[]
460;sp|P07252|CBP1_YEAST;MT;0.591781;['O', 1, 654];['O', 1, 654];['x', 1, 152, 'M', 153, 173, 'x', 174, 576, 'M', 577, 599, 'x', 600, 654];[1.19, 2.304];[];[];[];[];[];[];[];[];[];[];[];[];[20, 22];[-2, -1];[-2, 0];['FTDDKKLDEQ', 'WACAELYQNG'];[0, 2];[-1, 2];['Mitochondrial inner membrane [GO:0005743]']
461;sp|P47084|MRX12_YEAST;MT;0.908866;['O', 1, 519];['O', 1, 519];['x', 1, 519];No tm;[];[];[];[];[];[];[];[];[];[];[];[];[];[];[];[];[];[];[]
463;sp|P39522|ILV3_YEAST;MT;0.821485;['O', 1, 585];['O', 1, 404, 'M', 405, 421, 'i', 422, 585];['x', 1, 585];No tm;[];[];[];[];[];[];[16];[1];[1];['ITGKEGTYFK'];[1];[2];[];[];[];[];[];[];[]
467;sp|P0CS90|HSP77_YEAST;MT;0.997752;['O', 1, 654];['O', 1, 654];['x', 1, 412, 'M', 413, 435, 'x', 436, 654];[2.15];[];[];[];[];[];[];[];[];[];[];[];[];[22];[2];[1];['IPRNTTIPTK'];[0];[-2];['Mitochondrial inner membrane [GO:0005743]', 'Mitochondrial matrix [GO:0005759]', 'Plasma membrane [GO:0005886]']
477;sp|P47140|AIM25_YEAST;MT;0.90486;['O', 1, 327];['O', 1, 327];['x', 1, 327];No tm;[];[];[];[];[];[];[];[];[];[];[];[];[];[];[];[];[];[];[]
481;sp|P47150|RT07_YEAST;MT;0.997289;['O', 1, 247];['O', 1, 247];['x', 1, 247];No tm;[];[];[];[];[];[];[];[];[];[];[];[];[];[];[];[];[];[];['Mitochondrial matrix [GO:0005759]']
482;sp|P00830|ATPB_YEAST;MT;0.995098;['O', 1, 511];['i', 1, 511];['x', 1, 511];No tm;[];[];[];[];[];[];[];[];[];[];[];[];[];[];[];[];[];[];['Mitochondrial inner membrane [GO:0005743]']
483;sp|P47158|CAF17_YEAST;MT;0.996875;['O', 1, 497];['O', 1, 497];['x', 1, 497];No tm;[];[];[];[];[];[];[];[];[];[];[];[];[];[];[];[];[];[];['Mitochondrial matrix [GO:0005759]']
485;sp|P32787|MG101_YEAST;MT;0.816549;['O', 1, 269];['O', 1, 269];['x', 1, 269];No tm;[];[];[];[];[];[];[];[];[];[];[];[];[];[];[];[];[];[];['Mitochondrial matrix [GO:0005759]']
491;sp|Q2V2P3|YK023_YEAST;MT;0.929475;['i', 1, 44, 'M', 45, 67, 'o', 68, 75];['i', 1, 46, 'M', 47, 63, 'O', 64, 75];['x', 1, 45, 'M', 46, 65, 'x', 66, 75];[1.046];[22];[-2];[0];['KNEPVEFLE'];[0];[0];[16];[-1];[0];['VNYQKNEPVE'];[1];[4];[19];[-1];[1];['YQKNEPVEFL'];[1];[4];[]
494;sp|P36013|MAOM_YEAST;MT;0.999712;['O', 1, 669];['O', 1, 669];['x', 1, 252, 'M', 253, 275, 'x', 276, 354, 'M', 355, 373, 'x', 374, 540, 'M', 541, 560, 'x', 561, 669];[2.545, 2.989, 2.421];[];[];[];[];[];[];[];[];[];[];[];[];[22, 18, 19];[-1, 1, -1];[0, 0, 0];['LPVCLDVGTN', 'TNRDLKDTRV', 'TDKMISAAVD'];[-1, -1, 1];[-1, -2, 0];['Mitochondrial matrix [GO:0005759]']
496;sp|P32860|NFU1_YEAST;MT;0.543341;['O', 1, 256];['O', 1, 256];['x', 1, 256];No tm;[];[];[];[];[];[];[];[];[];[];[];[];[];[];[];[];[];[];['Mitochondrial matrix [GO:0005759]']
503;sp|Q2V2P2|YK065_YEAST;MT;0.983093;['o', 1, 36, 'M', 37, 55, 'i', 56, 73];['O', 1, 36, 'M', 37, 54, 'i', 55, 73];['x', 1, 33, 'M', 34, 54, 'x', 55, 73];[-0.059];[18];[2];[0];['KNDSKHSEIK'];[1];[2];[17];[1];[0];['YKNDSKHSEI'];[1];[2];[20];[1];[0];['YKNDSKHSEI'];[0];[2];['ER & Golgi [GO:0005783] [GO:0005794]']
507;sp|P17505|MDHM_YEAST;MT;0.997571;['O', 1, 334];['i', 1, 334];['x', 1, 334];No tm;[];[];[];[];[];[];[];[];[];[];[];[];[];[];[];[];[];[];['Mitochondrial matrix [GO:0005759]']
510;sp|Q01802|AATM_YEAST;MT;0.980782;['O', 1, 451];['O', 1, 451];['x', 1, 122, 'M', 123, 144, 'x', 145, 451];[1.322];[];[];[];[];[];[];[];[];[];[];[];[];[21];[-1];[0];['ISRDIWIPDP'];[0];[1];['Mitochondrial matrix [GO:0005759]']
515;sp|P35999|PMIP_YEAST;MT;0.897681;['O', 1, 772];['O', 1, 772];['x', 1, 519, 'M', 520, 540, 'x', 541, 772];[2.48];[];[];[];[];[];[];[];[];[];[];[];[];[20];[2];[2];['ASKKSLCFLQ'];[0];[-1];['Mitochondrial matrix [GO:0005759]']
517;sp|P14063|RM31_YEAST;MT;0.831937;['O', 1, 131];['O', 1, 131];['x', 1, 131];No tm;[];[];[];[];[];[];[];[];[];[];[];[];[];[];[];[];[];[];['Mitochondrial matrix [GO:0005759]']
518;sp|P33421|SDH3_YEAST;MT;0.958698;['O', 1, 101, 'M', 102, 124, 'i', 125, 144, 'M', 145, 167, 'o', 168, 181, 'M', 182, 198];['i', 1, 97, 'M', 98, 122, 'O', 123, 142, 'M', 143, 161, 'i', 162, 179, 'M', 180, 197, 'O', 198, 198];['x', 1, 104, 'M', 105, 126, 'x', 127, 144, 'M', 145, 166, 'x', 167, 176, 'M', 177, 198, 'x', 199, 198];[-1.467, 2.531, -0.729];[22, 22, 16];[0, 0, 0];[-1, 0, 0];['LTTEKVSNWY', 'DTAKELTLKG', 'L'];[1, 2, 0];[2, 1, 0];[24, 18, 17];[0, 2, 0];[0, 2, 0];['LGLTTEKVSN', 'IRHLIWDTAK', 'TL'];[0, 2, 0];[1, 3, 0];[21, 21, 21];[1, 0, 0];[0, -1, 0];['TEKVSNWYHQ', 'WDTAKELTLK', 'L'];[2, 2, 0];[2, 1, 0];['Mitochondrial inner membrane [GO:0005743]']
519;sp|Q00711|SDHA_YEAST;MT;0.997788;['O', 1, 640];['i', 1, 54, 'M', 55, 72, 'O', 73, 640];['x', 1, 52, 'M', 53, 72, 'x', 73, 640];[2.683];[];[];[];[];[];[];[17];[0];[-1];['AEAGYKTACI'];[1];[0];[19];[0];[-1];['AEAGYKTACI'];[2];[2];['Mitochondrial inner membrane [GO:0005743]']
520;sp|P36060|MCR1_YEAST;MT;0.827653;['i', 1, 11, 'M', 12, 31, 'O', 32, 302];['i', 1, 11, 'M', 12, 31, 'O', 32, 302];['x', 1, 11, 'M', 12, 31, 'x', 32, 302];[0.007];[19];[2];[1];['ANRNQHSFVF'];[1];[3];[19];[2];[1];['ANRNQHSFVF'];[1];[3];[19];[2];[1];['ANRNQHSFVF'];[1];[3];['Mitochondrial outer membrane [GO:0005741]', 'Mitochondrial intermembrane space [GO:0005758]']
522;sp|P36056|RT22_YEAST;MT;0.644251;['O', 1, 628];['O', 1, 628];['x', 1, 628];No tm;[];[];[];[];[];[];[];[];[];[];[];[];[];[];[];[];[];[];['Mitochondrial matrix [GO:0005759]']
523;sp|P32454|APE2_YEAST;MT;0.944873;['O', 1, 952];['O', 1, 952];['x', 1, 282, 'M', 283, 301, 'x', 302, 952];[2.968];[];[];[];[];[];[];[];[];[];[];[];[];[18];[1];[0];['VESKNFRIPV'];[2];[2];['Plasma membrane [GO:0005886]', 'Vacuole [GO:0005773]']
527;sp|P32463|ACPM_YEAST;MT;0.999559;['O', 1, 125];['O', 1, 125];['x', 1, 125];No tm;[];[];[];[];[];[];[];[];[];[];[];[];[];[];[];[];[];[];[]
528;sp|P07236|SYTM_YEAST;MT;0.912447;['O', 1, 462];['O', 1, 462];['x', 1, 462];No tm;[];[];[];[];[];[];[];[];[];[];[];[];[];[];[];[];[];[];['Mitochondrial matrix [GO:0005759]']
529;sp|P36046|MIA40_YEAST;MT;0.798312;['i', 1, 46, 'M', 47, 66, 'O', 67, 403];['O', 1, 46, 'M', 47, 64, 'i', 65, 403];['x', 1, 46, 'M', 47, 65, 'x', 66, 403];[0.537];[19];[3];[2];['PNRKPLFASR'];[1];[0];[17];[2];[0];['IAPNRKPLFA'];[1];[0];[18];[2];[1];['APNRKPLFAS'];[1];[0];['Mitochondrial intermembrane space [GO:0005758]', 'Mitochondrial inner membrane [GO:0005743]']
532;sp|Q02204|RM13_YEAST;MT;0.85362;['O', 1, 264];['O', 1, 264];['x', 1, 264];No tm;[];[];[];[];[];[];[];[];[];[];[];[];[];[];[];[];[];[];['Mitochondrial matrix [GO:0005759]']
533;sp|P36112|MIC60_YEAST;MT;0.920619;['i', 1, 37, 'M', 38, 57, 'O', 58, 540];['i', 1, 38, 'M', 39, 56, 'O', 57, 540];['x', 1, 34, 'M', 35, 57, 'x', 58, 540];[1.089];[19];[0];[1];['SQKNDKFGDF'];[2];[5];[17];[0];[1];['YSQKNDKFGD'];[2];[4];[22];[0];[1];['SQKNDKFGDF'];[1];[3];['Mitochondrial inner membrane [GO:0005743]']
539;sp|P36147|PAM17_YEAST;MT;0.989154;['i', 1, 63, 'M', 64, 86, 'o', 87, 100, 'M', 101, 123, 'i', 124, 197];['i', 1, 63, 'M', 64, 87, 'O', 88, 103, 'M', 104, 127, 'i', 128, 197];['x', 1, 68, 'M', 69, 87, 'x', 88, 95, 'M', 96, 118, 'x', 119, 197];[1.878, 0.614];[22, 22];[-2, 2];[-1, 0];['TMEIDPTQML', 'GSQVFKLSHN'];[2, 0];[4, -1];[23, 23];[-2, 2];[-2, 1];['MEIDPTQMLF', 'FKLSHNQQLA'];[2, 0];[4, -1];[18, 22];[-2, 0];[-2, 0];['MEIDPTQMLF', 'LGPIVGSQVF'];[2, -2];[2, -2];['Mitochondrial inner membrane [GO:0005743]']
540;sp|P00431|CCPR_YEAST;MT;0.849852;['i', 1, 19, 'M', 20, 37, 'O', 38, 361];['i', 1, 18, 'M', 19, 36, 'O', 37, 361];['x', 1, 17, 'M', 18, 37, 'x', 38, 361];[0.439];[17];[2];[0];['YSQSQKRSSS'];[1];[4];[17];[2];[0];['AYSQSQKRSS'];[1];[3];[19];[2];[0];['YSQSQKRSSS'];[0];[2];['Mitochondrial intermembrane space [GO:0005758]', 'Mitochondrial matrix [GO:0005759]']
545;sp|P22354|RM20_YEAST;MT;0.793393;['O', 1, 195];['O', 1, 195];['x', 1, 195];No tm;[];[];[];[];[];[];[];[];[];[];[];[];[];[];[];[];[];[];['Mitochondrial matrix [GO:0005759]']
546;sp|P36163|OMA1_YEAST;MT;0.763724;['O', 1, 345];['O', 1, 172, 'M', 173, 191, 'i', 192, 221, 'M', 222, 239, 'O', 240, 345];['x', 1, 64, 'M', 65, 83, 'x', 84, 172, 'M', 173, 192, 'x', 193, 216, 'M', 217, 236, 'x', 237, 345];[0.457, 2.587, 2.02];[];[];[];[];[];[];[18, 17];[-2, -1];[-1, 0];['CANDDGIATV', 'INNILLDGFL'];[-1, -1];[-1, 0];[18, 19, 19];[0, -2, 0];[0, -2, 1];['LDKAPVSDRS', 'ANDDGIATVL', 'AHAINNILLD'];[1, -1, 1];[1, -1, 1];['Mitochondrial inner membrane [GO:0005743]']
554;sp|Q07821|ISA1_YEAST;MT;0.585808;['O', 1, 250];['O', 1, 250];['x', 1, 250];No tm;[];[];[];[];[];[];[];[];[];[];[];[];[];[];[];[];[];[];['Mitochondrial matrix [GO:0005759]']
557;sp|P21801|SDHB_YEAST;MT;0.977783;['O', 1, 266];['O', 1, 266];['x', 1, 172, 'M', 173, 194, 'x', 195, 266];[2.152];[];[];[];[];[];[];[];[];[];[];[];[];[21];[-1];[-1];['WNQEQYLGPA'];[0];[0];['Mitochondrial inner membrane [GO:0005743]', 'Peroxisome [GO:0005777]']
564;sp|P54964|ORN_YEAST;MT;0.849038;['O', 1, 269];['O', 1, 269];['x', 1, 269];No tm;[];[];[];[];[];[];[];[];[];[];[];[];[];[];[];[];[];[];[]
566;sp|P25039|EFGM_YEAST;MT;0.538179;['O', 1, 761];['O', 1, 761];['x', 1, 160, 'M', 161, 180, 'x', 181, 703, 'M', 704, 724, 'x', 725, 761];[2.02, 2.749];[];[];[];[];[];[];[];[];[];[];[];[];[19, 20];[0, 0];[0, 0];['QSQTVTVDRQ', 'ASTQGKGEFS'];[0, -2];[-1, -2];['Cytosol [GO:0005829]']
567;sp|Q08023|FMP25_YEAST;MT;0.97334;['i', 1, 82, 'M', 83, 105, 'O', 106, 583];['i', 1, 80, 'M', 81, 100, 'O', 101, 583];['x', 1, 80, 'M', 81, 103, 'x', 104, 583];[-0.669];[22];[1];[0];['PELKSWWLIK'];[0];[1];[19];[1];[1];['AYLRWPELKS'];[-1];[-1];[22];[1];[0];['RWPELKSWWL'];[-1];[-1];['Mitochondrial inner membrane [GO:0005743]']
570;sp|P52893|ALAM_YEAST;MT;0.682021;['O', 1, 592];['O', 1, 251, 'M', 252, 269, 'i', 270, 275, 'M', 276, 293, 'O', 294, 592];['x', 1, 251, 'M', 252, 271, 'x', 272, 436, 'M', 437, 459, 'x', 460, 592];[2.292, 1.881];[];[];[];[];[];[];[17, 17];[0, 0];[1, 0];['FCRGPETGVL', 'LNNSQALPYY'];[-2, 0];[-3, 0];[19, 22];[0, -2];[0, 1];['RGPETGVLIP', 'MVRPPVEGEE'];[-2, 0];[-3, 1];['Mitochondrial matrix [GO:0005759]']
577;sp|P42900|SLS1_YEAST;MT;0.860036;['O', 1, 643];['O', 1, 643];['x', 1, 643];No tm;[];[];[];[];[];[];[];[];[];[];[];[];[];[];[];[];[];[];['Mitochondrial inner membrane [GO:0005743]', 'Mitochondrial matrix [GO:0005759]']
578;sp|P09368|PUT1_YEAST;MT;0.932702;['O', 1, 476];['i', 1, 76, 'M', 77, 101, 'O', 102, 476];['x', 1, 72, 'M', 73, 95, 'x', 96, 476];[1.329];[];[];[];[];[];[];[24];[1];[0];['IPVIKFFVSS'];[2];[1];[22];[0];[0];['LFPYIPIPVI'];[0];[2];['Mitochondrial matrix [GO:0005759]']
581;sp|P10507|MPPB_YEAST;MT;0.934849;['O', 1, 462];['O', 1, 462];['x', 1, 462];No tm;[];[];[];[];[];[];[];[];[];[];[];[];[];[];[];[];[];[];['Mitochondrial inner membrane [GO:0005743]', 'Mitochondrial matrix [GO:0005759]']
582;sp|Q06236|SHH4_YEAST;MT;0.82217;['O', 1, 168];['i', 1, 73, 'M', 74, 98, 'O', 99, 124, 'M', 125, 141, 'i', 142, 168];['x', 1, 60, 'M', 61, 82, 'x', 83, 87, 'M', 88, 110, 'x', 111, 123, 'M', 124, 143, 'x', 144, 168];[0.723, 1.838, 0.173];[];[];[];[];[];[];[24, 16];[2, -1];[1, 0];['LGHCHIGFQS', 'YKLESQEAGL'];[1, 1];[1, 4];[21, 22, 19];[-1, -1, -2];[0, -1, -1];['TGPISTFTDT', 'IDYISERVYG', 'LESQEAGLIA'];[0, 0, 0];[0, 0, 2];['Mitochondrial inner membrane [GO:0005743]']
585;sp|P33310|MDL1_YEAST;MT;0.958033;['i', 1, 101, 'M', 102, 124, 'o', 125, 154, 'M', 155, 177, 'i', 178, 240, 'M', 241, 263, 'o', 264, 336, 'M', 337, 359, 'i', 360, 371, 'M', 372, 394, 'O', 395, 695];['i', 1, 101, 'M', 102, 124, 'O', 125, 154, 'M', 155, 177, 'i', 178, 236, 'M', 237, 253, 'O', 254, 257, 'M', 258, 274, 'i', 275, 332, 'M', 333, 357, 'O', 358, 375, 'M', 376, 392, 'i', 393, 462, 'M', 463, 479, 'O', 480, 517, 'M', 518, 534, 'i', 535, 695];['x', 1, 100, 'M', 101, 120, 'x', 121, 154, 'M', 155, 177, 'x', 178, 249, 'M', 250, 272, 'x', 273, 337, 'M', 338, 359, 'x', 360, 374, 'M', 375, 393, 'x', 394, 580, 'M', 581, 601, 'x', 602, 695];[-0.189, -0.69, -0.004, 1.249, 2.888, 2.808];[22, 22, 22, 22, 22];[-1, 1, 0, 0, 0];[1, 1, 0, 0, -1];['IGKLLDLASE', 'LKVTGERLVA', 'APPLGAMALI', 'TSMIQSGSMT', 'SELMKGAGAA'];[0, 1, -1, 1, 0];[0, 3, 0, 0, 0];[22, 22, 16, 16, 24, 16, 16, 16];[-1, 1, 1, 4, 0, 0, 0, -3];[1, 1, 1, 2, 0, -1, 1, -1];['IGKLLDLASE', 'LKVTGERLVA', 'WKLTCVMMIL', 'GRKIRNLSRQ', 'VGTSMIQSGS', 'FYSELMKGAG', 'LLLRYYDVNS', 'PEIAEQDDRI'];[0, 1, 0, 0, 1, 0, 0, 0];[0, 3, -1, 1, 2, -1, 0, -1];[19, 22, 22, 21, 18, 20];[0, 1, 3, 0, 0, -3];[0, 1, 1, 0, -1, 0];['VPSVIGKLLD', 'LKVTGERLVA', 'IYGRKIRNLS', 'TSMIQSGSMT', 'YSELMKGAGA', 'TSALDSQSEE'];[0, 1, 0, 0, 0, 0];[0, 3, 0, 0, -1, 1];['Mitochondrial inner membrane [GO:0005743]', 'Peroxisome [GO:0005777]']
588;sp|Q05779|COQ9_YEAST;MT;0.567669;['O', 1, 260];['O', 1, 260];['x', 1, 260];No tm;[];[];[];[];[];[];[];[];[];[];[];[];[];[];[];[];[];[];['Mitochondrial inner membrane [GO:0005743]']
590;sp|P32344|COX24_YEAST;MT;0.874504;['O', 1, 111];['O', 1, 59, 'M', 60, 81, 'i', 82, 111];['x', 1, 111];No tm;[];[];[];[];[];[];[21];[8];[3];['MRKRKKKMKK'];[0];[0];[];[];[];[];[];[];
592;sp|Q06005|LIPB_YEAST;MT;0.921225;['O', 1, 328];['O', 1, 328];['x', 1, 328];No tm;[];[];[];[];[];[];[];[];[];[];[];[];[];[];[];[];[];[];[]
596;sp|P19882|HSP60_YEAST;MT;0.999073;['O', 1, 572];['i', 1, 572];['x', 1, 572];No tm;[];[];[];[];[];[];[];[];[];[];[];[];[];[];[];[];[];[];['Mitochondrial matrix [GO:0005759]', 'Cytosol [GO:0005829]']
598;sp|Q05867|YL283_YEAST;MT;0.936752;['O', 1, 314];['O', 1, 262, 'M', 263, 280, 'i', 281, 314];['x', 1, 257, 'M', 258, 279, 'x', 280, 314];[-1.125];[];[];[];[];[];[];[17];[1];[1];['SKKERPGLQE'];[1];[2];[21];[2];[2];['ASKKERPGLQ'];[0];[1];['ER & Golgi [GO:0005783] [GO:0005794]']
599;sp|P46943|GUF1_YEAST;MT;0.960782;['O', 1, 645];['O', 1, 645];['x', 1, 154, 'M', 155, 173, 'x', 174, 242, 'M', 243, 262, 'x', 263, 378, 'M', 379, 400, 'x', 401, 645];[2.621, 2.215, 2.976];[];[];[];[];[];[];[];[];[];[];[];[];[18, 19, 21];[-1, 2, 0];[1, 1, -1];['INKIDLNFTD', 'RKNDKVICAQ', 'LEKEYGSKLI'];[-1, 1, 0];[-1, 0, -1];['Mitochondrial inner membrane [GO:0005743]', 'Mitochondrial matrix [GO:0005759]', 'Plasma membrane [GO:0005886]']
601;sp|Q12349|ATP14_YEAST;MT;0.977716;['O', 1, 124];['i', 1, 124];['x', 1, 3, 'M', 4, 23, 'x', 24, 124];[2.533];[];[];[];[];[];[];[];[];[];[];[];[];[19];[2];[1];['RNFTTTRISY'];[-1];[0];['Mitochondrial inner membrane [GO:0005743]']
602;sp|P19414|ACON_YEAST;MT;0.973783;['O', 1, 778];['O', 1, 778];['x', 1, 778];No tm;[];[];[];[];[];[];[];[];[];[];[];[];[];[];[];[];[];[];['Mitochondrial matrix [GO:0005759]', 'Cytosol [GO:0005829]']
603;sp|P37297|STT4_YEAST;MT;0.608542;['O', 1, 1900];['O', 1, 1900];['x', 1, 61, 'M', 62, 84, 'x', 85, 159, 'M', 160, 181, 'x', 182, 399, 'M', 400, 419, 'x', 420, 783, 'M', 784, 802, 'x', 803, 78, 'M', 79, 11, 'x', 12, 235, 'M', 236, 12, 'x', 13, 385, 'M', 386, 14, 'x', 15, 660, 'M', 661, 16, 'x', 17, 1900];[2.535, 2.634, 2.406, 1.936, 23.0, 21.0, 23.0, 23.0];[];[];[];[];[];[];[];[];[];[];[];[];[22, 21, 19, 18, -68, -224, -372, -645];[-1, 0, -1, 0, 3, 3, 4, 3];[-1, 0, -1, -1, 1, 1, 2, 1];['VETMLKEIIA', 'FPNSTELTKF', 'TETVNDVAKI', 'AGDCSKTLLY', 'SSLRAKAIGR', 'SLRAKAIGRL', 'RAKAIGRLTK', 'KAIGRLTKLS'];[1, 0, 0, 0, 0, -1, 0, 2];[1, 0, -1, 1, 0, -2, 1, 1];['Vacuole [GO:0005773]']
605;sp|P36523|RM15_YEAST;MT;0.767748;['O', 1, 253];['O', 1, 188, 'M', 189, 206, 'i', 207, 253];['x', 1, 188, 'M', 189, 207, 'x', 208, 253];[2.472];[];[];[];[];[];[];[17];[1];[0];['TNGSEKAAKF'];[0];[1];[18];[1];[-1];['NGSEKAAKFI'];[0];[1];['Mitochondrial matrix [GO:0005759]']
609;sp|P06168|ILV5_YEAST;MT;0.999092;['O', 1, 395];['O', 1, 395];['x', 1, 395];No tm;[];[];[];[];[];[];[];[];[];[];[];[];[];[];[];[];[];[];['Mitochondrial matrix [GO:0005759]']
611;sp|Q05931|HSP7Q_YEAST;MT;0.984391;['O', 1, 657];['O', 1, 657];['x', 1, 657];No tm;[];[];[];[];[];[];[];[];[];[];[];[];[];[];[];[];[];[];['Mitochondrial matrix [GO:0005759]']
613;sp|P11325|SYLM_YEAST;MT;0.853719;['O', 1, 894];['O', 1, 894];['x', 1, 552, 'M', 553, 575, 'x', 576, 894];[2.916];[];[];[];[];[];[];[];[];[];[];[];[];[22];[-1];[0];['LGSINAWSDP'];[1];[1];['Mitochondrial matrix [GO:0005759]', 'Cytosol [GO:0005829]']
614;sp|Q06010|STE23_YEAST;MT;0.594237;['O', 1, 1027];['O', 1, 1027];['x', 1, 1027];No tm;[];[];[];[];[];[];[];[];[];[];[];[];[];[];[];[];[];[];[]
616;sp|P18496|ATP10_YEAST;MT;0.590063;['O', 1, 279];['O', 1, 279];['x', 1, 279];No tm;[];[];[];[];[];[];[];[];[];[];[];[];[];[];[];[];[];[];['Mitochondrial inner membrane [GO:0005743]']
617;sp|P04039|COX8_YEAST;MT;0.991648;['i', 1, 50, 'M', 51, 73, 'o', 74, 78];['O', 1, 49, 'M', 50, 69, 'i', 70, 78];['x', 1, 48, 'M', 49, 70, 'x', 71, 78];[0.691];[22];[2];[2];['KKSGAF'];[0];[0];[19];[2];[0];['YVQLKKSGAF'];[2];[4];[21];[2];[1];['VQLKKSGAF'];[0];[0];['Mitochondrial inner membrane [GO:0005743]']
619;sp|P36517|RM04_YEAST;MT;0.618245;['O', 1, 319];['O', 1, 319];['x', 1, 319];No tm;[];[];[];[];[];[];[];[];[];[];[];[];[];[];[];[];[];[];['Mitochondrial matrix [GO:0005759]']
623;sp|P51998|RL4P_YEAST;MT;0.642226;['O', 1, 286];['O', 1, 286];['x', 1, 286];No tm;[];[];[];[];[];[];[];[];[];[];[];[];[];[];[];[];[];[];['Mitochondrial matrix [GO:0005759]', 'Cytosol [GO:0005829]']
625;sp|P32796|CACP_YEAST;MT;0.919997;['O', 1, 670];['O', 1, 670];['x', 1, 670];No tm;[];[];[];[];[];[];[];[];[];[];[];[];[];[];[];[];[];[];['Mitochondrial inner membrane [GO:0005743]']
626;sp|Q04689|AIM32_YEAST;MT;0.671975;['O', 1, 311];['O', 1, 311];['x', 1, 243, 'M', 244, 265, 'x', 266, 311];[2.389];[];[];[];[];[];[];[];[];[];[];[];[];[21];[2];[0];['FGREKMQNKL'];[-1];[-2];[]
627;sp|P00175|CYB2_YEAST;MT;0.937642;['O', 1, 591];['O', 1, 591];['x', 1, 52, 'M', 53, 73, 'x', 74, 591];[1.033];[];[];[];[];[];[];[];[];[];[];[];[];[20];[-1];[1];['WHNGQIDNEP'];[0];[2];['Mitochondrial intermembrane space [GO:0005758]', 'Plasma membrane [GO:0005886]']
629;sp|P07271|PIF1_YEAST;MT;0.719393;['O', 1, 859];['O', 1, 284, 'M', 285, 309, 'i', 310, 859];['x', 1, 289, 'M', 290, 310, 'x', 311, 859];[2.983];[];[];[];[];[];[];[24];[0];[1];['GLGKGDADKL'];[1];[1];[20];[0];[1];['LGKGDADKLY'];[0];[0];['Mitochondrial inner membrane [GO:0005743]', 'Plasma membrane [GO:0005886]']
630;sp|P25719|CYPC_YEAST;MT;0.994272;['O', 1, 182];['O', 1, 182];['x', 1, 182];No tm;[];[];[];[];[];[];[];[];[];[];[];[];[];[];[];[];[];[];['Mitochondrial matrix [GO:0005759]']
635;sp|P49017|COQ5_YEAST;MT;0.997188;['O', 1, 307];['O', 1, 307];['x', 1, 307];No tm;[];[];[];[];[];[];[];[];[];[];[];[];[];[];[];[];[];[];['Mitochondrial inner membrane [GO:0005743]', 'Mitochondrial matrix [GO:0005759]']
636;sp|P32340|NDI1_YEAST;MT;0.996937;['O', 1, 464, 'M', 465, 487, 'i', 488, 513];['O', 1, 471, 'M', 472, 489, 'i', 490, 513];['x', 1, 471, 'M', 472, 493, 'x', 494, 513];[-0.511];[22];[3];[1];['LSARSRLKVF'];[0];[2];[17];[2];[2];['ARSRLKVFFD'];[2];[2];[21];[1];[1];['LKVFFDWIKL'];[2];[2];['Mitochondrial inner membrane [GO:0005743]', 'Mitochondrial matrix [GO:0005759]']
640;sp|Q03673|AIM34_YEAST;MT;0.595351;['O', 1, 198];['O', 1, 198];['x', 1, 168, 'M', 169, 187, 'x', 188, 198];[-1.165];[];[];[];[];[];[];[];[];[];[];[];[];[18];[-1];[-1];['LEPQESKPTI'];[0];[1];[]
641;sp|P32559|MSS1_YEAST;MT;0.692933;['O', 1, 526];['O', 1, 526];['x', 1, 526];No tm;[];[];[];[];[];[];[];[];[];[];[];[];[];[];[];[];[];[];['Mitochondrial inner membrane [GO:0005743]', 'Cytosol [GO:0005829]']
642;sp|P36516|RM03_YEAST;MT;0.836676;['O', 1, 390];['O', 1, 253, 'M', 254, 271, 'i', 272, 390];['x', 1, 252, 'M', 253, 271, 'x', 272, 390];[2.453];[];[];[];[];[];[];[17];[-1];[0];['TEQKDSQAVY'];[1];[0];[18];[-1];[0];['TEQKDSQAVY'];[0];[1];['Mitochondrial matrix [GO:0005759]', 'Plasma membrane [GO:0005886]']
644;sp|P46972|IMP2_YEAST;MT;0.477196;['O', 1, 177];['i', 1, 14, 'M', 15, 32, 'O', 33, 177];['x', 1, 8, 'M', 9, 27, 'x', 28, 177];[1.058];[];[];[];[];[];[];[17];[2];[1];['VHIAQVKGTS'];[2];[3];[18];[1];[0];['INNNVVHIAQ'];[0];[0];['Mitochondrial inner membrane [GO:0005743]']
650;sp|Q04728|ARGJ_YEAST;MT;0.548876;['O', 1, 441];['O', 1, 441];['x', 1, 441];No tm;[];[];[];[];[];[];[];[];[];[];[];[];[];[];[];[];[];[];['Mitochondrial matrix [GO:0005759]']
652;sp|Q04748|SOV1_YEAST;MT;0.832453;['O', 1, 898];['O', 1, 898];['x', 1, 898];No tm;[];[];[];[];[];[];[];[];[];[];[];[];[];[];[];[];[];[];[]
653;sp|Q02486|ABF2_YEAST;MT;0.717941;['O', 1, 183];['O', 1, 183];['x', 1, 183];No tm;[];[];[];[];[];[];[];[];[];[];[];[];[];[];[];[];[];[];['Mitochondrial matrix [GO:0005759]', 'Plasma membrane [GO:0005886]']
654;sp|P07246|ADH3_YEAST;MT;0.998258;['O', 1, 375];['O', 1, 375];['x', 1, 170, 'M', 171, 190, 'x', 191, 285, 'M', 286, 304, 'x', 305, 375];[2.933, 2.597];[];[];[];[];[];[];[];[];[];[];[];[];[19, 18];[-1, 1];[0, 0];['LKEADLKAGD', 'VKSEVFSHVV'];[0, -1];[1, -1];['Mitochondrial matrix [GO:0005759]']
656;sp|P40341|YTA12_YEAST;MT;0.74973;['O', 1, 825];['i', 1, 179, 'M', 180, 197, 'O', 198, 293, 'M', 294, 312, 'i', 313, 825];['x', 1, 177, 'M', 178, 197, 'x', 198, 293, 'M', 294, 314, 'x', 315, 825];[-0.717, -0.474];[];[];[];[];[];[];[17, 18];[-3, 2];[0, 2];['LNSLEEQSEI', 'TRRSAQAAGG'];[0, -1];[1, -1];[19, 20];[-3, 2];[0, 1];['LNSLEEQSEI', 'RSAQAAGGSR'];[-1, -1];[0, -1];['Mitochondrial inner membrane [GO:0005743]']
659;sp|P07342|ILVB_YEAST;MT;0.989109;['O', 1, 687];['O', 1, 687];['x', 1, 687];No tm;[];[];[];[];[];[];[];[];[];[];[];[];[];[];[];[];[];[];[]
662;sp|Q04472|MGR3_YEAST;MT;0.903674;['i', 1, 77, 'M', 78, 95, 'O', 96, 501];['i', 1, 77, 'M', 78, 95, 'O', 96, 501];['x', 1, 76, 'M', 77, 95, 'x', 96, 501];[-0.176];[17];[4];[1];['FKSNSRKQKL'];[1];[4];[17];[4];[1];['FKSNSRKQKL'];[1];[4];[18];[4];[1];['FKSNSRKQKL'];[1];[4];['Mitochondrial inner membrane [GO:0005743]']
663;sp|Q04487|SHH3_YEAST;MT;0.550048;['i', 1, 97, 'M', 98, 120, 'o', 121, 139, 'M', 140, 162, 'i', 163, 181, 'M', 182, 196];['O', 1, 95, 'M', 96, 120, 'i', 121, 140, 'M', 141, 159, 'O', 160, 175, 'M', 176, 195, 'i', 196, 196];['x', 1, 94, 'M', 95, 117, 'x', 118, 174, 'M', 175, 195, 'x', 196, 196];[-0.265, 0.165];[22, 22, 14];[-1, -2, 0];[-1, -1, 0];['MDTTFQDLNK', 'LIWDMGYELT', 'Q'];[0, 1, 0];[2, 2, 0];[24, 18, 19];[-1, 1, 0];[-1, 2, 0];['MDTTFQDLNK', 'IRHLIWDMGY', 'AQ'];[0, 1, 0];[1, 2, 0];[22, 20];[-2, 0];[0, 0];['IMGMDTTFQD', 'AQ'];[0, 0];[0, 0];['Mitochondrial inner membrane [GO:0005743]']
665;sp|P40215|NDH1_YEAST;MT;0.925432;['O', 1, 560];['i', 1, 73, 'M', 74, 91, 'O', 92, 560];['x', 1, 69, 'M', 70, 92, 'x', 93, 270, 'M', 271, 291, 'x', 292, 521, 'M', 522, 544, 'x', 545, 560];[1.494, 2.968, 0.932];[];[];[];[];[];[];[17];[0];[0];['YREANPSTQV'];[2];[3];[22, 20, 22];[0, -3, 0];[0, 0, -1];['REANPSTQVP', 'AELRDYVDQD', 'VAMDWAKVYF'];[0, 0, 0];[2, 0, 1];['Mitochondrial intermembrane space [GO:0005758]']
667;sp|Q03798|AIM36_YEAST;MT;0.998634;['O', 1, 255];['i', 1, 63, 'M', 64, 82, 'O', 83, 255];['x', 1, 60, 'M', 61, 79, 'x', 80, 177, 'M', 178, 196, 'x', 197, 255];[0.074, 1.351];[];[];[];[];[];[];[18];[2];[0];['LDKNKPKTTL'];[0];[1];[18, 18];[2, 1];[0, 0];['VQSLDKNKPK', 'FKENFKTGDK'];[1, 0];[0, 1];[]
670;sp|Q03218|MMT1_YEAST;MT;0.670002;['i', 1, 162, 'M', 163, 185, 'O', 186, 510];['i', 1, 162, 'M', 163, 185, 'O', 186, 193, 'M', 194, 213, 'i', 214, 233, 'M', 234, 257, 'O', 258, 281, 'M', 282, 301, 'i', 302, 331, 'M', 332, 350, 'O', 351, 510];['x', 1, 160, 'M', 161, 180, 'x', 181, 234, 'M', 235, 257, 'x', 258, 288, 'M', 289, 308, 'x', 309, 328, 'M', 329, 348, 'x', 349, 351, 'M', 352, 370, 'x', 371, 510];[1.71, 0.134, 2.881, 1.36, 2.53];[22];[0];[1];['FHSQALFADA'];[2];[2];[22, 19, 23, 19, 18];[0, 0, 1, 2, -1];[1, 0, 0, 0, 0];['FHSQALFADA', 'LAANKPTADY', 'VGPVIPHTII', 'AKEWIFRATR', 'IQSLDTIGGL'];[2, 1, 1, 2, 0];[2, 1, 0, 1, 3];[19, 22, 19, 19, 18];[1, 1, 2, -1, -1];[0, 0, 2, 0, -1];['FGGIVFHSQA', 'VGPVIPHTII', 'ATRKIAINTN', 'VNIQSLDTIG', 'GEGMCIAIKE'];[-1, 1, -2, 0, 0];[1, 0, -4, 1, 0];[]
674;sp|P49095|GCSP_YEAST;MT;0.999386;['O', 1, 1034];['O', 1, 337, 'M', 338, 355, 'i', 356, 398, 'M', 399, 416, 'O', 417, 1034];['x', 1, 1034];No tm;[];[];[];[];[];[];[17, 17];[2, 2];[0, 1];['IDKLNRKIPG', 'YHGPKGLQNI'];[-1, 1];[-1, 2];[];[];[];[];[];[];['Cytosol [GO:0005829]']
675;sp|P36525|RM24_YEAST;MT;0.886739;['O', 1, 258];['O', 1, 258];['x', 1, 258];No tm;[];[];[];[];[];[];[];[];[];[];[];[];[];[];[];[];[];[];['Mitochondrial matrix [GO:0005759]']
685;sp|Q04814|YM86_YEAST;MT;0.811332;['O', 1, 134];['O', 1, 134];['x', 1, 134];No tm;[];[];[];[];[];[];[];[];[];[];[];[];[];[];[];[];[];[];
687;sp|P08468|PT111_YEAST;MT;0.920776;['O', 1, 800];['O', 1, 800];['x', 1, 126, 'M', 127, 146, 'x', 147, 551, 'M', 552, 570, 'x', 571, 800];[2.199, 2.131];[];[];[];[];[];[];[];[];[];[];[];[];[19, 18];[-1, 1];[-1, 1];['RDYDIGQIYT', 'LARVVDVILR'];[0, 0];[0, 0];['Mitochondrial inner membrane [GO:0005743]', 'Mitochondrial matrix [GO:0005759]']
688;sp|P28239|IPYR2_YEAST;MT;0.727899;['O', 1, 310];['O', 1, 310];['x', 1, 310];No tm;[];[];[];[];[];[];[];[];[];[];[];[];[];[];[];[];[];[];[]
689;sp|P22136|AEP2_YEAST;MT;0.705219;['O', 1, 580];['O', 1, 580];['x', 1, 580];No tm;[];[];[];[];[];[];[];[];[];[];[];[];[];[];[];[];[];[];[]
690;sp|P20084|RM33_YEAST;MT;0.589278;['O', 1, 86];['i', 1, 86];['x', 1, 86];No tm;[];[];[];[];[];[];[];[];[];[];[];[];[];[];[];[];[];[];['Mitochondrial matrix [GO:0005759]']
691;sp|P39112|DSS1_YEAST;MT;0.727022;['O', 1, 969];['O', 1, 969];['x', 1, 737, 'M', 738, 760, 'x', 761, 969];[1.779];[];[];[];[];[];[];[];[];[];[];[];[];[22];[1];[0];['AENKIGGVFR'];[-1];[-3];['Mitochondrial matrix [GO:0005759]', 'Plasma membrane [GO:0005886]']
693;sp|P40416|ATM1_YEAST;MT;0.977391;['i', 1, 109, 'M', 110, 132, 'o', 133, 146, 'M', 147, 169, 'i', 170, 223, 'M', 224, 246, 'o', 247, 249, 'M', 250, 272, 'i', 273, 338, 'M', 339, 361, 'O', 362, 690];['i', 1, 110, 'M', 111, 131, 'O', 132, 147, 'M', 148, 172, 'i', 173, 230, 'M', 231, 250, 'O', 251, 254, 'M', 255, 274, 'i', 275, 347, 'M', 348, 367, 'O', 368, 690];['x', 1, 105, 'M', 106, 124, 'x', 125, 146, 'M', 147, 166, 'x', 167, 227, 'M', 228, 249, 'x', 250, 249, 'M', 250, 272, 'x', 273, 347, 'M', 348, 370, 'x', 371, 690];[-0.32, 0.384, 2.352, 0.189, 1.11];[22, 22, 22, 22, 22];[0, 0, 0, 2, 0];[1, 0, 0, 1, 0];['FKQTIDSMNI', 'VLFGELRNAV', 'VCGILTYQFG', 'FTIKTTAWRT', 'GCTGVIGGNL'];[1, 0, 1, -1, -1];[3, -2, 1, -1, 0];[20, 24, 19, 19, 19];[0, 1, 0, 3, -1];[1, 0, 0, 1, 0];['FFKQTIDSMN', 'GELRNAVFAK', 'LTYQFGASFA', 'IKTTAWRTHF', 'GGNLTVGDLV'];[1, 0, 1, 0, 0];[3, -2, 1, 0, 0];[18, 19, 21, 22, 22];[1, 0, 0, 2, -1];[0, 0, 0, 1, 0];['LNVQVPFFFK', 'FGSVLFGELR', 'ILTYQFGASF', 'FTIKTTAWRT', 'LTVGDLVLIN'];[1, 0, 0, -1, 0];[2, -2, 1, -1, 0];['Mitochondrial inner membrane [GO:0005743]']
694;sp|P32843|YME2_YEAST;MT;0.907039;['O', 1, 850];['O', 1, 220, 'M', 221, 238, 'i', 239, 287, 'M', 288, 305, 'O', 306, 543, 'M', 544, 561, 'i', 562, 850];['x', 1, 285, 'M', 286, 305, 'x', 306, 540, 'M', 541, 561, 'x', 562, 850];[-1.079, 2.316];[];[];[];[];[];[];[17, 17, 17];[4, -2, 0];[2, -1, 0];['AKVRYRSFRG', 'FDPIREFSIE', 'ASNQRLSESL'];[-2, 0, 0];[-1, 1, -1];[19, 20];[-2, 0];[-1, 0];['FDPIREFSIE', 'ASNQRLSESL'];[0, 0];[0, 0];['Mitochondrial inner membrane [GO:0005743]']
696;sp|P12687|RM02_YEAST;MT;0.771788;['O', 1, 371];['i', 1, 371];['x', 1, 371];No tm;[];[];[];[];[];[];[];[];[];[];[];[];[];[];[];[];[];[];['Mitochondrial matrix [GO:0005759]']
699;sp|P28834|IDH1_YEAST;MT;0.947213;['O', 1, 360];['O', 1, 360];['x', 1, 248, 'M', 249, 271, 'x', 272, 360];[2.55];[];[];[];[];[];[];[];[];[];[];[];[];[22];[0];[0];['ANFGRDYAVF'];[-1];[-1];['Mitochondrial matrix [GO:0005759]']
700;sp|P00424|COX5A_YEAST;MT;0.999044;['i', 1, 92, 'M', 93, 115, 'o', 116, 153];['O', 1, 93, 'M', 94, 113, 'i', 114, 153];['x', 1, 93, 'M', 94, 116, 'x', 117, 153];[-0.228];[22];[0];[0];['MAGGQDAKTM'];[1];[1];[19];[1];[1];['VRMAGGQDAK'];[0];[0];[22];[0];[0];['AGGQDAKTMN'];[0];[0];['Mitochondrial inner membrane [GO:0005743]']
705;sp|P12695|ODP2_YEAST;MT;0.996737;['O', 1, 482];['i', 1, 341, 'M', 342, 359, 'O', 360, 482];['x', 1, 482];No tm;[];[];[];[];[];[];[17];[1];[1];['VKNCEAKGLS'];[-1];[2];[];[];[];[];[];[];['Mitochondrial matrix [GO:0005759]']
706;sp|P32048|SYKM_YEAST;MT;0.93675;['O', 1, 576];['O', 1, 576];['x', 1, 576];No tm;[];[];[];[];[];[];[];[];[];[];[];[];[];[];[];[];[];[];['Mitochondrial matrix [GO:0005759]']
724;sp|P53881|RM22_YEAST;MT;0.85127;['O', 1, 309];['i', 1, 309];['x', 1, 309];No tm;[];[];[];[];[];[];[];[];[];[];[];[];[];[];[];[];[];[];['Mitochondrial matrix [GO:0005759]']
727;sp|P40156|RRG9_YEAST;MT;0.798355;['O', 1, 214];['O', 1, 214];['x', 1, 214];No tm;[];[];[];[];[];[];[];[];[];[];[];[];[];[];[];[];[];[];['Plasma membrane [GO:0005886]']
728;sp|P53852|SYC_YEAST;MT;0.750077;['O', 1, 767];['O', 1, 767];['x', 1, 547, 'M', 548, 570, 'x', 571, 767];[2.586];[];[];[];[];[];[];[];[];[];[];[];[];[22];[2];[1];['TKILRIIGFP'];[-1];[0];[]
729;sp|P36528|RM17_YEAST;MT;0.790467;['O', 1, 281];['O', 1, 281];['x', 1, 281];No tm;[];[];[];[];[];[];[];[];[];[];[];[];[];[];[];[];[];[];['Mitochondrial matrix [GO:0005759]']
736;sp|P42847|RT18_YEAST;MT;0.983606;['O', 1, 217];['O', 1, 217];['x', 1, 217];No tm;[];[];[];[];[];[];[];[];[];[];[];[];[];[];[];[];[];[];['Mitochondrial matrix [GO:0005759]']
737;sp|P42844|ZIM17_YEAST;MT;0.898634;['O', 1, 174];['O', 1, 174];['x', 1, 174];No tm;[];[];[];[];[];[];[];[];[];[];[];[];[];[];[];[];[];[];['Mitochondrial inner membrane [GO:0005743]', 'Mitochondrial matrix [GO:0005759]']
738;sp|P32453|ATP11_YEAST;MT;0.972157;['O', 1, 318];['O', 1, 318];['x', 1, 318];No tm;[];[];[];[];[];[];[];[];[];[];[];[];[];[];[];[];[];[];[]
740;sp|P00890|CISY1_YEAST;MT;0.969728;['O', 1, 479];['i', 1, 479];['x', 1, 421, 'M', 422, 444, 'x', 445, 479];[1.893];[];[];[];[];[];[];[];[];[];[];[];[];[22];[0];[0];['LPQLIIDRAV'];[0];[0];['Mitochondrial matrix [GO:0005759]']
747;sp|P53732|RT12_YEAST;MT;0.994453;['O', 1, 153];['O', 1, 153];['x', 1, 153];No tm;[];[];[];[];[];[];[];[];[];[];[];[];[];[];[];[];[];[];['Mitochondrial matrix [GO:0005759]']
748;sp|P53733|RT19_YEAST;MT;0.871917;['O', 1, 91];['O', 1, 91];['x', 1, 91];No tm;[];[];[];[];[];[];[];[];[];[];[];[];[];[];[];[];[];[];['Mitochondrial matrix [GO:0005759]', 'Cytosol [GO:0005829]']
750;sp|P32378|COQ2_YEAST;MT;0.947949;['i', 1, 114, 'M', 115, 137, 'o', 138, 187, 'M', 188, 210, 'i', 211, 222, 'M', 223, 245, 'o', 246, 302, 'M', 303, 325, 'i', 326, 345, 'M', 346, 368, 'o', 369, 372];['i', 1, 92, 'M', 93, 112, 'O', 113, 116, 'M', 117, 141, 'i', 142, 179, 'M', 180, 204, 'O', 205, 234, 'M', 235, 258, 'i', 259, 298, 'M', 299, 323, 'O', 324, 353, 'M', 354, 371, 'i', 372, 372];['x', 1, 92, 'M', 93, 112, 'x', 113, 114, 'M', 115, 137, 'x', 138, 168, 'M', 169, 187, 'x', 188, 187, 'M', 188, 210, 'x', 211, 226, 'M', 227, 249, 'x', 250, 308, 'M', 309, 328, 'x', 329, 351, 'M', 352, 372, 'x', 373, 372];[1.659, 0.443, 1.981, 0.161, 1.564, 0.504, 1.24];[22, 22, 22, 22, 22];[-2, 2, 0, 3, 0];[0, 2, 0, 1, 0];['AGCTINDFLD', 'FKRFTYYPQA', 'IPLYLSSYLW', 'YRLFSMIKKV', 'LFGFL'];[0, 0, 0, 0, 0];[0, 0, 0, 0, 0];[19, 24, 24, 23, 24, 17];[0, -1, 2, 0, 2, 0];[0, -1, 0, -1, 1, 0];['MQGATLSATA', 'INDFLDRKLD', 'VFTYPLFKRF', 'YDTIYAHQDK', 'FAYRLFSMIK', 'FL'];[-1, 0, 0, 0, 1, 0];[0, 0, 0, 0, 1, 0];[19, 22, 18, 22, 22, 19, 20];[0, -2, 0, 2, 0, 0, 0];[0, 0, 0, 2, 0, 0, 0];['MQGATLSATA', 'AGCTINDFLD', 'SLLPAQCWWL', 'FKRFTYYPQA', 'LSSYLWCMTY', 'FSMIKKVDLD', 'L'];[-1, 0, 0, 0, 0, 0, 0];[0, 0, 1, 0, 0, 0, 0];['Mitochondrial inner membrane [GO:0005743]']
755;sp|P25038|IF2M_YEAST;MT;0.907042;['O', 1, 676];['O', 1, 676];['x', 1, 676];No tm;[];[];[];[];[];[];[];[];[];[];[];[];[];[];[];[];[];[];['Plasma membrane [GO:0005886]']
757;sp|Q08179|MDM38_YEAST;MT;0.985281;['i', 1, 135, 'M', 136, 158, 'O', 159, 573];['i', 1, 138, 'M', 139, 156, 'O', 157, 345, 'M', 346, 363, 'i', 364, 573];['x', 1, 136, 'M', 137, 159, 'x', 160, 339, 'M', 340, 362, 'x', 363, 573];[-0.298, 2.706];[22];[1];[1];['ALKLFPNLLP'];[1];[2];[17, 17];[1, 1];[0, 0];['PFALKLFPNL', 'PKENYSKAFS'];[2, -1];[1, 1];[22, 22];[1, 1];[1, 0];['LKLFPNLLPS', 'LPKENYSKAF'];[2, -1];[1, 0];['Mitochondrial inner membrane [GO:0005743]']
758;sp|P48525|SYEM_YEAST;MT;0.595443;['O', 1, 536];['O', 1, 536];['x', 1, 536];No tm;[];[];[];[];[];[];[];[];[];[];[];[];[];[];[];[];[];[];['Mitochondrial matrix [GO:0005759]']
762;sp|P41911|GPD2_YEAST;MT;0.950535;['O', 1, 440];['O', 1, 440];['x', 1, 440];No tm;[];[];[];[];[];[];[];[];[];[];[];[];[];[];[];[];[];[];['Cytosol [GO:0005829]']
763;sp|Q08230|SDHF2_YEAST;MT;0.77616;['O', 1, 162];['O', 1, 162];['x', 1, 162];No tm;[];[];[];[];[];[];[];[];[];[];[];[];[];[];[];[];[];[];['Mitochondrial matrix [GO:0005759]']
767;sp|P27680|COQ3_YEAST;MT;0.997082;['O', 1, 312];['O', 1, 312];['x', 1, 312];No tm;[];[];[];[];[];[];[];[];[];[];[];[];[];[];[];[];[];[];['Mitochondrial inner membrane [GO:0005743]']
769;sp|P18544|ARGD_YEAST;MT;0.942241;['O', 1, 423];['O', 1, 423];['x', 1, 423];No tm;[];[];[];[];[];[];[];[];[];[];[];[];[];[];[];[];[];[];['Mitochondrial matrix [GO:0005759]', 'Cytosol [GO:0005829]']
774;sp|Q12204|YOR22_YEAST;MT;0.632434;['O', 1, 715];['i', 1, 17, 'M', 18, 35, 'O', 36, 715];['x', 1, 520, 'M', 521, 539, 'x', 540, 715];[2.78];[];[];[];[];[];[];[17];[1];[0];['VPNSKPYLPT'];[0];[2];[18];[2];[1];['IQRTKIGDRP'];[2];[2];[]
775;sp|P38909|CYC2_YEAST;MT;0.850243;['O', 1, 366];['i', 1, 29, 'M', 30, 47, 'O', 48, 366];['x', 1, 29, 'M', 30, 51, 'x', 52, 219, 'M', 220, 240, 'x', 241, 366];[0.369, 1.28];[];[];[];[];[];[];[17];[0];[1];['TYRYTSEREN'];[2];[3];[21, 20];[0, 1];[0, -1];['TSERENKHEL', 'TESPFRGTIK'];[2, -1];[3, -1];['Mitochondrial inner membrane [GO:0005743]']
779;sp|P07143|CY1_YEAST;MT;0.968551;['O', 1, 309];['i', 1, 35, 'M', 36, 54, 'O', 55, 268, 'M', 269, 287, 'i', 288, 309];['x', 1, 35, 'M', 36, 54, 'x', 55, 267, 'M', 268, 287, 'x', 288, 309];[1.125, -0.012];[];[];[];[];[];[];[18, 18];[-2, 4];[-1, 2];['ADSLTAEAMT', 'VKKFKWAGIK'];[1, -1];[2, -1];[18, 19];[-2, 4];[-1, 2];['ADSLTAEAMT', 'VKKFKWAGIK'];[1, -2];[2, -2];['Mitochondrial inner membrane [GO:0005743]']
786;sp|P41735|COQ7_YEAST;MT;0.819649;['O', 1, 233];['O', 1, 233];['x', 1, 114, 'M', 115, 134, 'x', 135, 233];[2.593];[];[];[];[];[];[];[];[];[];[];[];[];[19];[-1];[-1];['ISPEAAMACT'];[2];[4];['Mitochondrial inner membrane [GO:0005743]']
789;sp|P28241|IDH2_YEAST;MT;0.993173;['O', 1, 369];['O', 1, 369];['x', 1, 369];No tm;[];[];[];[];[];[];[];[];[];[];[];[];[];[];[];[];[];[];['Mitochondrial matrix [GO:0005759]']
790;sp|P53598|SUCA_YEAST;MT;0.956496;['O', 1, 329];['O', 1, 329];['x', 1, 329];No tm;[];[];[];[];[];[];[];[];[];[];[];[];[];[];[];[];[];[];['Mitochondrial matrix [GO:0005759]', 'Cytosol [GO:0005829]']
791;sp|Q12171|MDM32_YEAST;MT;0.918372;['O', 1, 135, 'M', 136, 158, 'i', 159, 605, 'M', 606, 622];['O', 1, 135, 'M', 136, 159, 'i', 160, 245, 'M', 246, 269, 'O', 270, 622];['x', 1, 129, 'M', 130, 152, 'x', 153, 240, 'M', 241, 260, 'x', 261, 603, 'M', 604, 622, 'x', 623, 622];[-1.185, 1.967, 2.262];[22, 16];[1, 0];[-1, 0];['FSQEYIHEKK', 'V'];[0, 0];[0, 0];[23, 23];[1, 0];[-1, 0];['SQEYIHEKKI', 'VNSFQGDQKT'];[0, 1];[0, 1];[22, 19, 18];[-1, 0, 0];[0, 0, 0];['FVINSVFSQE', 'LNLSNFINLV', 'V'];[-1, 0, 0];[-1, 1, 0];['Mitochondrial inner membrane [GO:0005743]']
795;sp|P16622|HEMH_YEAST;MT;0.998863;['O', 1, 393];['O', 1, 393];['x', 1, 393];No tm;[];[];[];[];[];[];[];[];[];[];[];[];[];[];[];[];[];[];['Mitochondrial inner membrane [GO:0005743]']
796;sp|P02992|EFTU_YEAST;MT;0.999257;['O', 1, 437];['O', 1, 437];['x', 1, 437];No tm;[];[];[];[];[];[];[];[];[];[];[];[];[];[];[];[];[];[];[]
797;sp|P32875|LIPA_YEAST;MT;0.913146;['O', 1, 414];['O', 1, 414];['x', 1, 414];No tm;[];[];[];[];[];[];[];[];[];[];[];[];[];[];[];[];[];[];[]
799;sp|Q08622|GEP3_YEAST;MT;0.903715;['O', 1, 556];['O', 1, 556];['x', 1, 556];No tm;[];[];[];[];[];[];[];[];[];[];[];[];[];[];[];[];[];[];['Mitochondrial inner membrane [GO:0005743]', 'Cytosol [GO:0005829]']
800;sp|P32266|MGM1_YEAST;MT;0.710198;['O', 1, 881];['i', 1, 72, 'M', 73, 90, 'O', 91, 881];['x', 1, 69, 'M', 70, 92, 'x', 93, 342, 'M', 343, 362, 'x', 363, 796, 'M', 797, 816, 'x', 817, 881];[1.996, 2.877, 2.131];[];[];[];[];[];[];[17];[-1];[0];['YKMEEASSFT'];[1];[2];[22, 19, 19];[-2, 2, 0];[-2, 0, 0];['MEEASSFTKD', 'ANSSALKASK', 'YNFPIELDRR'];[1, 2, -1];[2, 2, -1];['Mitochondrial intermembrane space [GO:0005758]', 'Mitochondrial inner membrane [GO:0005743]']
801;sp|Q12032|AIM41_YEAST;MT;0.997299;['O', 1, 185];['O', 1, 185];['x', 1, 185];No tm;[];[];[];[];[];[];[];[];[];[];[];[];[];[];[];[];[];[];[]
804;sp|Q12056|ISU2_YEAST;MT;0.967464;['O', 1, 156];['O', 1, 156];['x', 1, 156];No tm;[];[];[];[];[];[];[];[];[];[];[];[];[];[];[];[];[];[];['Mitochondrial matrix [GO:0005759]']
806;sp|P38523|GRPE_YEAST;MT;0.876287;['O', 1, 228];['i', 1, 228];['x', 1, 228];No tm;[];[];[];[];[];[];[];[];[];[];[];[];[];[];[];[];[];[];['Mitochondrial inner membrane [GO:0005743]', 'Mitochondrial matrix [GO:0005759]']
814;sp|Q08742|RDL2_YEAST;MT;0.999102;['O', 1, 149];['O', 1, 149];['x', 1, 149];No tm;[];[];[];[];[];[];[];[];[];[];[];[];[];[];[];[];[];[];[]
815;sp|Q08749|TIM18_YEAST;MT;0.75357;['O', 1, 192];['O', 1, 12, 'M', 13, 32, 'i', 33, 86, 'M', 87, 106, 'O', 107, 114, 'M', 115, 134, 'i', 135, 144, 'M', 145, 162, 'O', 163, 192];['x', 1, 82, 'M', 83, 102, 'x', 103, 108, 'M', 109, 131, 'x', 132, 144, 'M', 145, 164, 'x', 165, 192];[2.145, 1.272, 1.214];[];[];[];[];[];[];[19, 19, 19, 17];[3, -1, 3, -1];[2, 0, 0, -2];['TKRSFYSINR', 'INPLLDASLS', 'IPKEKYPRWH', 'YELETKNNGF'];[0, 0, 0, 1];[1, 0, -1, 3];[19, 22, 19];[-1, 0, -1];[0, -1, 0];['TGGVINPLLD', 'IDYIPKEKYP', 'LETKNNGFVD'];[0, 0, 1];[0, 0, 3];['Mitochondrial inner membrane [GO:0005743]']
816;sp|Q08774|RRG7_YEAST;MT;0.584809;['O', 1, 242];['O', 1, 242];['x', 1, 242];No tm;[];[];[];[];[];[];[];[];[];[];[];[];[];[];[];[];[];[];[]
817;sp|P15801|DPOG_YEAST;MT;0.911211;['O', 1, 1254];['O', 1, 1254];['x', 1, 182, 'M', 183, 202, 'x', 203, 1254];[2.803];[];[];[];[];[];[];[];[];[];[];[];[];[19];[-2];[-1];['CGGDDPAALI'];[0];[-1];['Mitochondrial matrix [GO:0005759]']
818;sp|Q01926|MRS2_YEAST;MT;0.971699;['O', 1, 470];['O', 1, 316, 'M', 317, 334, 'i', 335, 344, 'M', 345, 362, 'O', 363, 470];['x', 1, 314, 'M', 315, 336, 'x', 337, 344, 'M', 345, 363, 'x', 364, 470];[1.334, 1.171];[];[];[];[];[];[];[17, 17];[-1, 3];[1, 2];['MNLKNFIEES', 'TKKNFNSLRS'];[0, 1];[0, -1];[21, 18];[-2, 3];[1, 2];['LKNFIEESEW', 'KKNFNSLRSV'];[0, 1];[-1, -1];['Mitochondrial inner membrane [GO:0005743]']
819;sp|P40825|SYA_YEAST;MT;0.553666;['O', 1, 983];['O', 1, 983];['x', 1, 983];No tm;[];[];[];[];[];[];[];[];[];[];[];[];[];[];[];[];[];[];['Cytosol [GO:0005829]']
823;sp|Q08818|MSC6_YEAST;MT;0.924879;['O', 1, 692];['O', 1, 692];['x', 1, 692];No tm;[];[];[];[];[];[];[];[];[];[];[];[];[];[];[];[];[];[];['Mitochondrial matrix [GO:0005759]']
824;sp|Q08822|ETFD_YEAST;MT;0.527397;['O', 1, 631];['O', 1, 631];['x', 1, 631];No tm;[];[];[];[];[];[];[];[];[];[];[];[];[];[];[];[];[];[];['Mitochondrial inner membrane [GO:0005743]', 'Mitochondrial matrix [GO:0005759]']
825;sp|P46367|ALDH4_YEAST;MT;0.995305;['O', 1, 519];['O', 1, 519];['x', 1, 194, 'M', 195, 217, 'x', 218, 519];[2.551];[];[];[];[];[];[];[];[];[];[];[];[];[22];[-1];[-1];['AESTPLSALY'];[0];[0];['Mitochondrial matrix [GO:0005759]']
827;sp|Q02608|RT16_YEAST;MT;0.733305;['O', 1, 121];['O', 1, 121];['x', 1, 121];No tm;[];[];[];[];[];[];[];[];[];[];[];[];[];[];[];[];[];[];['Mitochondrial matrix [GO:0005759]']
831;sp|P48526|SYIM_YEAST;MT;0.654612;['O', 1, 1002];['O', 1, 1002];['x', 1, 265, 'M', 266, 287, 'x', 288, 1002];[2.348];[];[];[];[];[];[];[];[];[];[];[];[];[21];[1];[1];['LSNRAICFNQ'];[1];[1];['Mitochondrial matrix [GO:0005759]', 'Cytosol [GO:0005829]']
833;sp|Q02784|GLRX5_YEAST;MT;0.94522;['O', 1, 150];['O', 1, 150];['x', 1, 150];No tm;[];[];[];[];[];[];[];[];[];[];[];[];[];[];[];[];[];[];['Mitochondrial matrix [GO:0005759]']
834;sp|Q02783|LPE10_YEAST;MT;0.765097;['O', 1, 330, 'M', 331, 353, 'i', 354, 364, 'M', 365, 384, 'O', 385, 413];['i', 1, 328, 'M', 329, 352, 'O', 353, 366, 'M', 367, 384, 'i', 385, 413];['x', 1, 120, 'M', 121, 139, 'x', 140, 330, 'M', 331, 353, 'x', 354, 365, 'M', 366, 384, 'x', 385, 413];[1.876, -0.569, -0.769];[22, 19];[-2, 5];[0, 1];['YGMNLESFIE', 'AKGIRHLHKL'];[-1, -1];[-1, -3];[23, 17];[-1, 5];[0, 1];['IYGMNLESFI', 'AKGIRHLHKL'];[-1, -1];[0, -3];[18, 22, 18];[-1, -2, 5];[0, 0, 1];['IKPDMVIIFD', 'YGMNLESFIE', 'AKGIRHLHKL'];[2, -1, -1];[1, -1, -3];['Mitochondrial inner membrane [GO:0005743]']
836;sp|Q02776|TIM50_YEAST;MT;0.985284;['O', 1, 476];['i', 1, 112, 'M', 113, 132, 'O', 133, 476];['x', 1, 111, 'M', 112, 133, 'x', 134, 476];[0.398];[];[];[];[];[];[];[19];[-3];[0];['ARDWEPQESE'];[-1];[1];[21];[-4];[-1];['RDWEPQESEE'];[-1];[0];['Mitochondrial inner membrane [GO:0005743]']
839;sp|P05626|ATPF_YEAST;MT;0.998391;['O', 1, 244];['i', 1, 61, 'M', 62, 80, 'O', 81, 90, 'M', 91, 108, 'i', 109, 244];['x', 1, 61, 'M', 62, 80, 'x', 81, 90, 'M', 91, 109, 'x', 110, 244];[2.425, 0.354];[];[];[];[];[];[];[18, 17];[-2, -1];[-1, 0];['ISNELYVIND', 'LAPAYKDFAD'];[0, -1];[0, -2];[18, 18];[-2, -1];[-1, 0];['ISNELYVIND', 'APAYKDFADA'];[0, -1];[0, -2];['Mitochondrial inner membrane [GO:0005743]']
841;sp|P41921|GSHR_YEAST;MT;0.876636;['O', 1, 483];['O', 1, 483];['x', 1, 483];No tm;[];[];[];[];[];[];[];[];[];[];[];[];[];[];[];[];[];[];['Cytosol [GO:0005829]', 'Plasma membrane [GO:0005886]']
842;sp|P48527|SYYM_YEAST;MT;0.905118;['O', 1, 492];['i', 1, 89, 'M', 90, 111, 'O', 112, 492];['x', 1, 97, 'M', 98, 116, 'x', 117, 492];[2.259];[];[];[];[];[];[];[21];[2];[1];['LHFYVKGHDI'];[-1];[1];[18];[1];[1];['KGHDIVTVIG'];[0];[-1];['Mitochondrial matrix [GO:0005759]', 'Cytosol [GO:0005829]']
844;sp|Q02888|INA17_YEAST;MT;0.85339;['O', 1, 107, 'M', 108, 127, 'i', 128, 180, 'M', 181, 182];['i', 1, 106, 'M', 107, 124, 'O', 125, 182];['x', 1, 8, 'M', 9, 31, 'x', 32, 106, 'M', 107, 129, 'x', 130, 182];[2.838, -0.933];[19, 1];[-1, 0];[0, 0];['WKLEHEERES', 'W'];[1, 0];[3, 0];[17];[-1];[0];['FSWWKLEHEE'];[-1];[1];[22, 22];[2, -2];[0, -1];['LNQQRRAVST', 'LEHEERESQL'];[1, -1];[3, 1];['Mitochondrial inner membrane [GO:0005743]']
846;sp|P15179|SYDM_YEAST;MT;0.81974;['O', 1, 658];['O', 1, 658];['x', 1, 658];No tm;[];[];[];[];[];[];[];[];[];[];[];[];[];[];[];[];[];[];['Mitochondrial matrix [GO:0005759]']
850;sp|P19516|COX11_YEAST;MT;0.944267;['i', 1, 84, 'M', 85, 107, 'O', 108, 300];['i', 1, 84, 'M', 85, 104, 'O', 105, 300];['x', 1, 82, 'M', 83, 104, 'x', 105, 300];[-0.912];[22];[2];[1];['YRAICARTGF'];[2];[3];[19];[2];[0];['VPLYRAICAR'];[2];[3];[21];[2];[0];['VPLYRAICAR'];[1];[4];['Mitochondrial intermembrane space [GO:0005758]', 'Mitochondrial inner membrane [GO:0005743]', 'Mitochondrial matrix [GO:0005759]']
852;sp|Q03020|ISU1_YEAST;MT;0.9986;['O', 1, 165];['O', 1, 165];['x', 1, 165];No tm;[];[];[];[];[];[];[];[];[];[];[];[];[];[];[];[];[];[];['Mitochondrial matrix [GO:0005759]']
854;sp|Q99373|PET20_YEAST;MT;0.961149;['O', 1, 253];['i', 1, 253];['x', 1, 253];No tm;[];[];[];[];[];[];[];[];[];[];[];[];[];[];[];[];[];[];
859;sp|O14464|RTC6_YEAST;MT;0.602663;['O', 1, 93];['O', 1, 93];['x', 1, 93];No tm;[];[];[];[];[];[];[];[];[];[];[];[];[];[];[];[];[];[];['Mitochondrial matrix [GO:0005759]']
860;sp|Q06892|POS5_YEAST;MT;0.693111;['O', 1, 414];['O', 1, 414];['x', 1, 164, 'M', 165, 184, 'x', 185, 276, 'M', 277, 297, 'x', 298, 414];[2.266, 2.979];[];[];[];[];[];[];[];[];[];[];[];[];[19, 20];[2, 2];[1, 1];['FKEHKKVFQE', 'FRPLILPHSS'];[0, 0];[0, 0];['Mitochondrial matrix [GO:0005759]']
864;sp|P21560|CBP3_YEAST;MT;0.931879;['O', 1, 335];['O', 1, 335];['x', 1, 151, 'M', 152, 174, 'x', 175, 335];[2.078];[];[];[];[];[];[];[];[];[];[];[];[];[22];[2];[1];['MPFKYGRNYQ'];[-2];[-1];['Mitochondrial matrix [GO:0005759]', 'Peroxisome [GO:0005777]']
867;sp|Q12184|ADRX_YEAST;MT;0.982801;['O', 1, 172];['O', 1, 172];['x', 1, 172];No tm;[];[];[];[];[];[];[];[];[];[];[];[];[];[];[];[];[];[];['Mitochondrial matrix [GO:0005759]']
868;sp|P08417|FUMH_YEAST;MT;0.589192;['O', 1, 488];['O', 1, 488];['x', 1, 488];No tm;[];[];[];[];[];[];[];[];[];[];[];[];[];[];[];[];[];[];['Mitochondrial matrix [GO:0005759]', 'Cytosol [GO:0005829]']
869;sp|P33311|MDL2_YEAST;MT;0.97758;['i', 1, 121, 'M', 122, 144, 'o', 145, 169, 'M', 170, 192, 'i', 193, 251, 'M', 252, 274, 'O', 275, 773];['i', 1, 119, 'M', 120, 144, 'O', 145, 170, 'M', 171, 195, 'i', 196, 249, 'M', 250, 267, 'O', 268, 271, 'M', 272, 289, 'i', 290, 353, 'M', 354, 378, 'O', 379, 773];['x', 1, 115, 'M', 116, 136, 'x', 137, 169, 'M', 170, 192, 'x', 193, 248, 'M', 249, 267, 'x', 268, 269, 'M', 270, 288, 'x', 289, 359, 'M', 360, 378, 'x', 379, 773];[-0.929, -1.58, 1.675, 1.18, 1.016];[22, 22, 22];[0, 1, 0];[-1, 1, 0];['LDTLKTSSGS', 'LRILSERVVA', 'LLFFTPPVLF'];[1, 0, 1];[2, 0, 0];[24, 24, 17, 17, 24];[0, 2, 0, 2, -1];[-1, 0, 0, 1, 0];['LDTLKTSSGS', 'LSERVVARLR', 'SPQLSILLLF', 'GKQIRNTSKD', 'LQSQLSIGDL'];[2, 0, 0, 0, 1];[2, -1, 0, 0, 1];[20, 22, 18, 18, 18];[0, 1, 0, 3, -1];[1, 1, 0, 1, 0];['IPKVIGIVLD', 'LRILSERVVA', 'SPQLSILLLF', 'FGKQIRNTSK', 'LQSQLSIGDL'];[1, 0, 1, 0, 1];[3, 0, 2, 0, 1];['Mitochondrial inner membrane [GO:0005743]', 'Peroxisome [GO:0005777]']
870;sp|P21306|ATP5E_YEAST;MT;0.455993;['O', 1, 62];['O', 1, 62];['x', 1, 62];No tm;[];[];[];[];[];[];[];[];[];[];[];[];[];[];[];[];[];[];['Mitochondrial inner membrane [GO:0005743]']
871;sp|P43635|CISY3_YEAST;MT;0.958883;['O', 1, 486];['i', 1, 49, 'M', 50, 68, 'O', 69, 486];['x', 1, 46, 'M', 47, 69, 'x', 70, 424, 'M', 425, 447, 'x', 448, 486];[2.934, 0.745];[];[];[];[];[];[];[18];[1];[1];['MRGNQSMFWQ'];[0];[3];[22, 22];[1, -1];[1, 0];['RGNQSMFWQG', 'MGPLTQLVWD'];[3, -1];[3, -1];[]
872;sp|Q12428|PRPD_YEAST;MT;0.541155;['O', 1, 516];['O', 1, 516];['x', 1, 56, 'M', 57, 79, 'x', 80, 105, 'M', 106, 126, 'x', 127, 377, 'M', 378, 397, 'x', 398, 516];[1.649, 2.848, 2.9];[];[];[];[];[];[];[];[];[];[];[];[];[22, 20, 19];[2, -2, -2];[1, -1, -2];['FKQAQNIIKP', 'YNDCWLAAEW', 'YSDEVARNPE'];[0, 1, 0];[1, 1, -1];['Mitochondrial outer membrane [GO:0005741]']
873;sp|Q12480|ETFA_YEAST;MT;0.911546;['O', 1, 344];['O', 1, 344];['x', 1, 344];No tm;[];[];[];[];[];[];[];[];[];[];[];[];[];[];[];[];[];[];['Mitochondrial matrix [GO:0005759]']
875;sp|A5Z2X5|YP010_YEAST;MT;0.449979;['o', 1, 19, 'M', 20, 42, 'i', 43, 72];['O', 1, 23, 'M', 24, 42, 'i', 43, 72];['x', 1, 23, 'M', 24, 43, 'x', 44, 72];[0.044];[22];[1];[2];['TYKKLRTDET'];[2];[2];[18];[1];[2];['TYKKLRTDET'];[0];[1];[19];[1];[2];['YKKLRTDETL'];[0];[1];['Cytosol [GO:0005829]']
877;sp|Q12233|ATPN_YEAST;MT;0.961907;['O', 1, 115];['O', 1, 87, 'M', 88, 105, 'i', 106, 115];['x', 1, 83, 'M', 84, 106, 'x', 107, 115];[2.654];[];[];[];[];[];[];[17];[5];[3];['GRRKLVGYKH'];[1];[1];[22];[6];[3];['RRKLVGYKHH'];[1];[2];['Mitochondrial inner membrane [GO:0005743]']
880;sp|P07263|SYH_YEAST;MT;0.99283;['O', 1, 546];['O', 1, 546];['x', 1, 546];No tm;[];[];[];[];[];[];[];[];[];[];[];[];[];[];[];[];[];[];[]
881;sp|P08425|SYFM_YEAST;MT;0.918344;['O', 1, 469];['O', 1, 469];['x', 1, 330, 'M', 331, 350, 'x', 351, 469];[2.279];[];[];[];[];[];[];[];[];[];[];[];[];[19];[1];[0];['WSRDERFSRQ'];[-1];[-1];['Mitochondrial matrix [GO:0005759]']
885;sp|Q12425|ISA2_YEAST;MT;0.878764;['O', 1, 185];['O', 1, 185];['x', 1, 185];No tm;[];[];[];[];[];[];[];[];[];[];[];[];[];[];[];[];[];[];['Mitochondrial matrix [GO:0005759]']
892;sp|Q06493|YLH47_YEAST;MT;0.829857;['i', 1, 133, 'M', 134, 156, 'O', 157, 454];['i', 1, 136, 'M', 137, 156, 'O', 157, 251, 'M', 252, 270, 'i', 271, 454];['x', 1, 134, 'M', 135, 157, 'x', 158, 454];[-0.338];[22];[1];[1];['ALKLFPNLLP'];[1];[2];[19, 18];[1, 4];[1, 2];['ALKLFPNLLP', 'LRYRIRYKML'];[2, -1];[1, 0];[22];[1];[1];['LKLFPNLLPS'];[2];[1];['Mitochondrial inner membrane [GO:0005743]']
897;sp|Q06524|SUE1_YEAST;MT;0.807973;['O', 1, 206];['O', 1, 206];['x', 1, 206];No tm;[];[];[];[];[];[];[];[];[];[];[];[];[];[];[];[];[];[];[]
900;sp|P07257|QCR2_YEAST;MT;0.995454;['O', 1, 368];['O', 1, 368];['x', 1, 368];No tm;[];[];[];[];[];[];[];[];[];[];[];[];[];[];[];[];[];[];['Mitochondrial inner membrane [GO:0005743]']
